A,Agilent Technologies Inc.
AA,Alcoa Inc.
AAME,Atlantic American Corp.
AAN,"Aaron's
AAON,AAON Inc.
AAP,Advance Auto Parts Inc.
AAT,"American Assets Trust
AAPL,Apple Inc.
AAWW,Atlas Air Worldwide Holdings Inc.
ABAX,"Abaxis
ABC,AmerisourceBergen Corporation
ABCB,Ameris Bancorp
ABCD,"Cambium Learning Group
ABCO,The Advisory Board Company
AB,AllianceBernstein Holding L.P.
ABFS,Arkansas Best Corporation
ABG,"Asbury Automotive Group
ABIO,"ARCA biopharma
ABM,ABM Industries Incorporated
ABMC,American Bio Medica Corp.
ABMD,"ABIOMED
ABPI,"Accentia Biopharmaceuticals
ABT,Abbott Laboratories
ABTL,Autobytel Inc.
ACAD,ACADIA Pharmaceuticals Inc.
ACAT,Arctic Cat Inc.
ABR,Arbor Realty Trust Inc.
ACC,"American Campus Communities
ACCL,Accelrys Inc.
ACE,ACE Limited
ACEL,"Tamir Biotechnology
ACET,Aceto Corp.
ACFC,Atlantic Coast Financial Corporation
ACFN,"Acorn Energy
ACCO,ACCO Brands Corporation
ACGL,Arch Capital Group Ltd.
ACHC,"Acadia Healthcare Company
ACHN,"Achillion Pharmaceuticals
ACI,Arch Coal Inc.
ACIW,"ACI Worldwide
ACM,AECOM Technology Corporation
ACLS,Axcelis Technologies Inc.
ACMP,"Access Midstream Partners
ACN,Accenture plc
ACNB,ACNB Corp.
ACO,AMCOL International Corporation
ACOR,"Acorda Therapeutics
ACPW,Active Power Inc.
ACRE,Ares Commercial Real Estate Corporation
ACRX,"AcelRx Pharmaceuticals
ACTG,Acacia Research Corporation
ACU,Acme United Corp.
ACUR,"Acura Pharmaceuticals
ACW,Accuride Corp.
ACXM,Acxiom Corporation
ACY,AeroCentury Corp.
ADAT,Authentidate Holding Corp.
ADBE,Adobe Systems Inc.
ADC,Agree Realty Corp.
ADEP,Adept Technology Inc.
ADES,"Advanced Emissions Solutions
ADI,"Analog Devices
ADK,AdCare Health Systems Inc.
ADM,Archer Daniels Midland Company
ADNC,"Audience
ADP,"Automatic Data Processing
ADS,Alliance Data Systems Corporation
ADSK,"Autodesk
ADT,The ADT Corporation
ADUS,Addus HomeCare Corporation
ADTN,ADTRAN Inc.
ADVS,"Advent Software
AE,Adams Resources & Energy Inc.
AEC,Associated Estates Realty Corporation
AEE,Ameren Corporation
AEGN,Aegion Corporation
AEGR,"Aegerion Pharmaceuticals
AEHR,Aehr Test Systems
AEIS,"Advanced Energy Industries
AEL,American Equity Investment Life Holding Co.
AEO,"American Eagle Outfitters
AEP,"American Electric Power Co.
AEPI,AEP Industries Inc.
AERG,"Applied Energetics
AES,The AES Corporation
AET,Aetna Inc.
AERT,"Advanced Environmental Recycling Technologies
AETI,"American Electric Technologies
AF,Astoria Financial Corporation
AEY,ADDvantage Technologies Group Inc.
AFA,American Financial Group Inc.
AFAM,Almost Family Inc.
AFCB,Athens Bancshares Corporation
AFCE,AFC Enterprises Inc.
AFFM,Affirmative Insurance Holdings Inc.
AFFX,Affymetrix Inc.
AFFY,"Affymax
AFH,"Atlas Financial Holdings
AFG,American Financial Group Inc.
AFL,AFLAC Inc.
AFM,Affiliated Managers Group Inc.
AFOP,Alliance Fiber Optic Products Inc.
AFSI,"AmTrust Financial Services
AGCO,AGCO Corporation
AGEN,Agenus Inc.
AGII,"Argo Group International Holdings
AGIIL,Argo Group International Holdin
AGM,Federal Agricultural Mortgage Corp.
AGN,Allergan Inc.
AGNC,American Capital Agency Corp.
AGO,Assured Guaranty Ltd.
AGNCP,American Capital Agency Corp.
AGX,"Argan
AGYS,Agilysys Inc.
AHC,A. H. Belo Corporation
AHGP,"Alliance Holdings GP
AHL,Aspen Insurance Holdings Ltd.
AHPI,Allied Healthcare Products Inc.
AHS,AMN Healthcare Services Inc.
AHT,"Ashford Hospitality Trust
AI,Arlington Asset Investment Corp.
AIG,"American International Group
AIMC,Altra Industrial Motion Corp.
AIQ,"Alliance Healthcare Services
AIR,AAR Corp.
AIRM,Air Methods Corp.
AIRT,Air T Inc.
AIT,"Applied Industrial Technologies
AIV,Apartment Investment and Management Company
AIZ,Assurant Inc.
AJG,Arthur J Gallagher & Co.
AKR,Acadia Realty Trust
AKAM,"Akamai Technologies
AKRX,"Akorn
AKS,AK Steel Holding Corporation
ALB,Albemarle Corporation
ALCO,Alico Inc.
ALCS,"ALCO Stores
ALE,"ALLETE
ALGT,Allegiant Travel Company
ALIM,"Alimera Sciences
ALGN,Align Technology Inc.
ALJ,"Alon USA Energy
ALK,"Alaska Air Group
ALKS,Alkermes plc
ALL,The Allstate Corporation
ALG,"Alamo Group
ALEX,"Alexander & Baldwin
ALLB,Alliance Bancorp Inc of Pennsylvania
ALOG,Analogic Corporation
ALNY,"Alnylam Pharmaceuticals
ALR,Alere Inc.
ALOT,"Astro-Med
ALSE,"Alseres Pharmaceuticals
ALSK,Alaska Communications Systems Group Inc.
ALSN,"Allison Transmission Holdings
ALTI,"Altair Nanotechnologies
ALV,"Autoliv
ALTR,Altera Corp.
ALXA,Alexza Pharmaceuticals Inc.
ALXN,"Alexion Pharmaceuticals
AMAG,"AMAG Pharmaceuticals
AMAT,"Applied Materials
ALX,Alexander's Inc.
AMBA,"Ambarella
AMBT,Ambient Corporation
AMCC,Applied Micro Circuits Corporation
AMCF,Andatee China Marine Fuel Services Corporation
AMCX,AMC Networks Inc.
AMD,"Advanced Micro Devices
AME,Ametek Inc.
AMED,Amedisys Inc.
AMG,Affiliated Managers Group Inc.
AMGN,Amgen Inc.
AMIC,American Independence Corp.
AMID,"American Midstream Partners
AMIN,American International Industries Inc.
AMKR,"Amkor Technology
AMNB,American National Bankshares Inc.
AMOT,Allied Motion Technologies Inc.
AMP,"Ameriprise Financial
AMPE,"Ampio Pharmaceuticals
AMRB,American River Bankshares
AMRC,"Ameresco
AMRE,"AmREIT
AMRI,Albany Molecular Research Inc.
AMRS,"Amyris
AMSC,American Superconductor Corporation
AMSF,"Amerisafe
AMS,American Shared Hospital Services
AMSG,AmSurg Corp.
AMSWA,"American Software
AMT,American Tower Corporation
AMTD,TD Ameritrade Holding Corporation
AMTG,"Apollo Residential Mortgage
AMTY,Amerityre Corporation
AMWD,American Woodmark Corp.
AN,AutoNation Inc.
ANAC,"Anacor Pharmaceuticals
AMZN,Amazon.com Inc.
ANAD,"Anadigics
ANAT,American National Insurance Co.
ANCB,Anchor Bancorp
ANCX,Access National Corporation
ANDA,"Tecnoglass
ANDAU,Andina Acquisition Corporation
ANDAW,Andina Acquisition Corporation
ANEN,"Anaren
ANGI,"Angie's List
ANF,Abercrombie & Fitch Co.
ANGO,AngioDynamics Inc.
ANIK,Anika Therapeutics Inc.
ANLY,Analysts International Corp.
ANDE,"The Andersons
ANN,ANN INC.
ANH,Anworth Mortgage Asset Corporation
ANR,"Alpha Natural Resources
ANSS,"Ansys
ANTH,"Anthera Pharmaceuticals
ANTP,PHAZAR CORP
ANV,Allied Nevada Gold Corp.
AOL,AOL Inc.
AOS,AO Smith Corp.
AOSL,"Alpha & Omega Semiconductor
AP,Ampco-Pittsburgh Corp.
APA,Apache Corp.
APAGF,Apco Oil & Gas International Inc.
APAM,Artisan Partners Asset Management Inc.
APC,Anadarko Petroleum Corporation
APD,Air Products & Chemicals Inc.
APEI,"American Public Education
APFC,American Pacific Corporation
APH,Amphenol Corporation
API,Advanced Photonix Inc.
APO,"Apollo Global Management
APOG,"Apogee Enterprises
APL,"Atlas Pipeline Partners
APP,"American Apparel
APOL,"Apollo Education Group
APPY,"Venaxis
APRI,"Apricus Biosciences
APU,AmeriGas Partners LP
APT,Alpha Pro Tech Ltd.
ARAY,Accuray Incorporated
ARCI,Appliance Recycling Centers of America Inc.
AOI,"Alliance One International
ANCI,"American Caresource Holdings
ARCP,"American Realty Capital Properties
ARCW,"ARC Group Worldwide
ARDM,Aradigm Corporation
ARDNA,Arden Group Inc.
AREX,"Approach Resources
ARI,"Apollo Commercial Real Estate Finance
ARII,"American Railcar Industries
ARKR,Ark Restaurants Corp.
ARL,American Realty Investors Inc.
ARLP,Alliance Resource Partners LP
ARNA,"Arena Pharmaceuticals
AQQ,American Spectrum Realty Inc.
AROW,Arrow Financial Corporation
ARP,"Atlas Resource Partners
ARQL,ArQule Inc.
ARR,"ARMOUR Residential REIT
ARRS,"ARRIS Group
ARRY,"Array BioPharma
ARTC,ArthroCare Corporation
ARTNA,Artesian Resources Corp.
ARTW,Art's-Way Manufacturing Co. Inc.
ARE,"Alexandria Real Estate Equities
ARTX,Arotech Corporation
ARUN,"Aruba Networks
ARW,"Arrow Electronics
ARWR,Arrowhead Research Corp.
ASBB,"ASB Bancorp
ASBC,Associated Banc-Corp
ASBCW,Associated Banc-Corp
ARSD,Arabian American Development Company
ASBI,Ameriana Bancorp
ASCA,Ameristar Casinos Inc.
ASCMA,"Ascent Capital Group
ASEI,American Science & Engineering Inc.
ARG,"Airgas
ARX,Aeroflex Holding Corp.
ASH,Ashland Inc.
ASIA,"AsiaInfo-Linkage
ASNA,Ascena Retail Group Inc.
ASPS,Altisource Portfolio Solutions S.A.
ASTC,Astrotech Corp.
ASTE,"Astec Industries
ASTI,"Ascent Solar Technologies
ASRV,"AmeriServ Financial
ASUR,"Asure Software
ASYS,Amtech Systems Inc.
ATEA,Astea International Inc.
ATEC,"Alphatec Holdings
ATHN,"athenahealth
ATHX,"Athersys
ATK,Alliant Techsystems Inc.
ATI,Allegheny Technologies Inc.
ATLC,Atlanticus Holdings Corporation
ATMI,ATMI Inc.
ATML,Atmel Corporation
ATNI,"Atlantic Tele-Network
ASTM,"Aastrom Biosciences
ATNY,API Technologies Corp.
ATO,Atmos Energy Corporation
ATOS,"Atossa Genetics
ATR,"AptarGroup
ATLO,Ames National Corporation
ATRM,Aetrium Inc.
ATRO,Astronics Corporation
ATRS,Antares Pharma Inc.
ATRC,"AtriCure
ATU,Actuant Corporation
ATRI,ATRION Corp.
ARO,A
ASFI,Asta Funding Inc.
ATVI,"Activision Blizzard
ATW,"Atwood Oceanics
ARIA,Ariad Pharmaceuticals Inc.
ATX,Costa Inc.
AUBN,"Auburn National Bancorporation
AUXL,Auxilium Pharmaceuticals Inc.
AVA,Avista Corp.
AVAV,"AeroVironment
AVB,Avalonbay Communities Inc.
AVEO,"AVEO Pharmaceuticals
AVHI,"AV Homes
AVNR,"Avanir Pharmaceuticals
AVID,"Avid Technology
AVGO,Avago Technologies Limited
AVNW,"Aviat Networks
AVP,Avon Products Inc.
AVSR,Avistar Communications Corp.
AVT,"Avnet
AVX,AVX Corp.
AVY,Avery Dennison Corporation
AWAY,"HomeAway
AWH,"Allied World Assurance Company Holdings
AWI,"Armstrong World Industries
AWK,"American Water Works Company
AWRE,"Aware
AWX,Avalon Holdings Corp.
AXAS,Abraxas Petroleum Corp.
AXDX,"Accelerate Diagnostics
AXE,Anixter International Inc.
AXL,American Axle & Manufacturing Holdings Inc.
AXLL,Axiall Corporation
AXN,"Aoxing Pharmaceutical Company
AXP,American Express Company
AXR,AMREP Corporation
AXS,AXIS Capital Holdings Limited
AXTI,AXT Inc.
AYI,"Acuity Brands
AZO,"AutoZone
AZPN,"Aspen Technology
B,Barnes Group Inc.
AZZ,AZZ incorporated
BA,The Boeing Company
BABY,Natus Medical Inc.
BAC,Bank of America Corporation
BAGL,"Einstein Noah Restaurant Group
BAGR,"Diversified Restaurant Holdings
BAH,Booz Allen Hamilton Holding Corporation
BAMM,Books-A-Million Inc.
BANF,BancFirst Corporation
BANC,"Banc of California
BANR,Banner Corporation
BAS,"Basic Energy Services
BASI,Bioanalytical Systems Inc.
BAX,Baxter International Inc.
BBBY,Bed Bath & Beyond Inc.
BBG,Bill Barrett Corp.
BBGI,Beasley Broadcast Group Inc.
BBNK,Bridge Capital Holdings
BBOX,Black Box Corporation
BBRG,"Bravo Brio Restaurant Group
BBSI,Barrett Business Services Inc.
BBX,BBX Capital Corporation
BC,Brunswick Corporation
BCC,Boise Cascade Company
BCEI,"Bonanza Creek Energy
BCO,The Brink's Company
BCOR,"Blucora
BCOV,"Brightcove
BCPC,Balchem Corp.
BCR,CR Bard Inc.
BCRX,"BioCryst Pharmaceuticals
BDCO,Blue Dolphin Energy Company
BDE,"Black Diamond
BDGE,"Bridge Bancorp
BDL,Flanigan's Enterprises Inc.
BDN,Brandywine Realty Trust
BDMS,Birner Dental Management Services Inc.
BDR,Blonder Tongue Laboratories Inc.
BDSI,"BioDelivery Sciences International
BEAV,B/E Aerospace Inc.
BEBE,"Bebe Stores
BDX,"Becton
BECN,"Beacon Roofing Supply
BELFA,Bel Fuse Inc.
BELFB,Bel Fuse Inc.
BEN,Franklin Resources Inc.
BERK,Berkshire Bancorp Inc.
BERY,"Berry Plastics Group
BFAM,"Bright Horizons Family Solutions
BFB,Brown-Forman Corporation
BFIN,BankFinancial Corp.
BG,Bunge Limited
BGC,General Cable Corp.
BGCP,"BGC Partners
BGFV,Big 5 Sporting Goods Corp.
BGG,Briggs & Stratton Corporation
BGMD,"BG Medicine
BGS,
BH,Biglari Holdings Inc.
BHB,Bar Harbor Bankshares
BHE,Benchmark Electronics Inc.
BHI,Baker Hughes Incorporated
BHRT,"Bioheart
BIG,Big Lots Inc.
BIIB,Biogen Idec Inc.
BIOC,"Biocept
BIOD,Biodel Inc.
BIOF,BioFuel Energy Corp.
BIOL,"BIOLASE
BIRT,Actuate Corporation
BJRI,"BJ's Restaurants
BKBK,Britton & Koontz Capital Corp.
BKD,Brookdale Senior Living Inc.
BKE,"The Buckle
BKH,Black Hills Corporation
BKJ,"Bancorp Of New Jersey
BKMU,Bank Mutual Corporation
BKOR,"Oak Ridge Financial Services
BKS,"Barnes & Noble
BKU,"BankUnited
BKW,"Burger King Worldwide
BKYF,Bank of Kentucky Financial Corp.
BLDR,"Builders FirstSource
BLIN,"Bridgeline Digital
BLKB,Blackbaud Inc.
BLL,Ball Corporation
BLK,"BlackRock
BLMN,"Bloomin' Brands
BLMT,"BSB Bancorp
BLOX,Infoblox Inc.
BMC,BMC Software Inc.
BMI,Badger Meter Inc.
BMS,"Bemis Company
BMTC,Bryn Mawr Bank Corp.
BMY,Bristol-Myers Squibb Company
BNCL,Beneficial Mutual Bancorp Inc.
BNCN,BNC Bancorp
BOBE,"Bob Evans Farms
BOCH,Bank of Commerce Holdings
BODY,Body Central Corp.
BOFI,"BofI Holding
BOH,Bank of Hawaii Corporation
BOKF,BOK Financial Corporation
BOLT,Bolt Technology Corp.
BONE,"Bacterin International Holdings
BONT,Bon-Ton Stores Inc.
BOTA,"Biota Pharmaceuticals
BOOM,Dynamic Materials Corp.
BPFH,"Boston Private Financial Holdings
BOX,Box Ships Inc.
BOTJ,Bank of the James Financial Group Inc.
BPL,"Buckeye Partners
BPOP,"Popular
BPI,"Bridgepoint Education
BPZ,"BPZ Resources
BR,"Broadridge Financial Solutions
BRC,Brady Corp.
BRCD,"Brocade Communications Systems
BREW,"Craft Brew Alliance
BRKA,Berkshire Hathaway Inc.
BRID,Bridgford Foods Corp.
BRKL,"Brookline Bancorp
BRCM,Broadcom Corp.
BRKR,Bruker Corporation
BRKS,"Brooks Automation
BRLI,Bio-Reference Laboratories Inc.
BRN,"Barnwell Industries
BRO,Brown & Brown Inc.
BRS,"Bristow Group
BRSS,"Global Brass and Copper Holdings
BRT,BRT Realty Trust
BSDM,BSD Medical Corp.
BSET,"Bassett Furniture Industries
BSPM,"Biostar Pharmaceuticals
BSQR,BSQUARE Corp.
BSRR,Sierra Bancorp
BTH,"Blyth
BSX,Boston Scientific Corporation
BTN,"Ballantyne Strong
BTU,Peabody Energy Corp.
BTUI,BTU International Inc.
BTX,"BioTime
BUSE,First Busey Corporation
BV,"Bazaarvoice
BVSN,"BroadVision
BVX,Bovie Medical Corporation
BWA,BorgWarner Inc.
BWC,The Babcock & Wilcox Company
BWLD,Buffalo Wild Wings Inc.
BWP,"Boardwalk Pipeline Partners
BWS,Brown Shoe Co. Inc.
BXC,Bluelinx Holdings Inc.
BXP,Boston Properties Inc.
BXS,"BancorpSouth
BYD,Boyd Gaming Corporation
BYFC,Broadway Financial Corporation
BYI,"Bally Technologies
BYLK,Baylake Corp.
BZC,Breeze-Eastern Corporation
BZH,Beazer Homes USA Inc.
C,Citigroup Inc.
CA,CA Technologies
CAAS,China Automotive Systems Inc.
CAB,Cabela's Incorporated
CAC,Camden National Corp.
CACB,Cascade Bancorp
CACC,Credit Acceptance Corp.
CACG,Chart Acquisition Corp.
CACGU,Chart Acquisition Corp.
CACGW,Chart Acquisition Corp.
CACI,CACI International Inc.
CADC,"China Advanced Construction Materials Group
CACH,Cache Inc.
CADX,Cadence Pharmaceuticals Inc.
CAG,"ConAgra Foods
CAH,"Cardinal Health
CAFI,Camco Financial Corp.
CAK,CAMAC Energy Inc.
CAKE,The Cheesecake Factory Incorporated
CALD,Callidus Software Inc.
CALI,China Auto Logistic Inc.
CALL,magicJack VocalTec Ltd.
CALM,"Cal-Maine Foods
CALX,Calix Inc.
CAM,Cameron International Corporation
CAMP,CalAmp Corp.
CAP,CAI International Inc.
CAR,"Avis Budget Group
CARB,"Carbonite
CARV,"Carver Bancorp
CAS,A. M. Castle & Co.
CASH,"Meta Financial Group
CASM,CAS Medical Systems Inc.
CASS,"Cass Information Systems
CASY,"Casey's General Stores
CAT,Caterpillar Inc.
CATM,Cardtronics Inc.
CATO,The Cato Corporation
CATY,Cathay General Bancorp
CAVM,"Cavium
CAW,CCA Industries Inc.
CB,The Chubb Corporation
CBAK,"China BAK Battery
CBAN,Colony Bankcorp Inc.
CBB,Cincinnati Bell Inc.
CBEY,"Cbeyond
CBF,Capital Bank Financial Corp.
CBG,"CBRE Group
CBI,Chicago Bridge & Iron Company N.V.
CBIN,Community Bank Shares of Indiana Inc.
CBK,Christopher & Banks Corporation
CBLI,"Cleveland BioLabs
CBL,CBL & Associates Properties Inc.
CBM,Cambrex Corporation.
CBMX,CombiMatrix Corporation
CBMXW,CombiMatrix Corporation
CBNJ,"Cape Bancorp
CBNK,"Chicopee Bancorp
CBOE,"CBOE Holdings
CBPO,"China Biologic Products
CBR,"Ciber
CBRL,"Cracker Barrel Old Country Store
CBRX,Columbia Laboratories Inc.
CBS,CBS Corporation
CBSH,"Commerce Bancshares
CBST,Cubist Pharmaceuticals Inc.
CBT,Cabot Corporation
CBU,Community Bank System Inc.
CBZ,"CBIZ
CCBG,Capital City Bank Group Inc.
CCF,Chase Corporation
CCC,Calgon Carbon Corporation
CCE,Coca-Cola Enterprises Inc.
CCG,"Campus Crest Communities
CCI,Crown Castle International Corp.
CCIX,"Coleman Cable
CCK,Crown Holdings Inc.
CCL,Carnival Corporation
CCMP,Cabot Microelectronics Corporation
CCNE,CNB Financial Corp.
CCO,Clear Channel Outdoor Holdings Inc.
CCOI,"Cogent Communications Group
CCRN,"Cross Country Healthcare
CCUR,Concurrent Computer Corporation
CDI,CDI Corp.
CDE,"Coeur Mining
CDII,"CD International Enterprises
CDR,"Cedar Realty Trust
CDXS,"Codexis
CDNS,Cadence Design Systems Inc.
CDZI,Cadiz Inc.
CEB,Corporate Executive Board Co.
CECE,CECO Environmental Corp.
CDTI,Clean Diesel Technologies Inc.
CECO,Career Education Corp.
CELG,Celgene Corporation
CELGZ,Celgene Corporation
CEMP,"Cempra
CENT,Central Garden & Pet Company
CENTA,Central Garden & Pet Company
CEMI,"Chembio Diagnostics
CENX,Century Aluminum Co.
CEP,Constellation Energy Partners LLC
CERN,Cerner Corporation
CERS,Cerus Corporation
CETV,Central European Media Enterprises Ltd.
CEVA,CEVA Inc.
CF,"CF Industries Holdings
CFBK,Central Federal Corp.
CERE,"Ceres
CFFN,"Capitol Federal Financial
CFFI,
CFI,"Culp
CFNL,Cardinal Financial Corp.
CFNB,California First National Bancorp
CFN,CareFusion Corporation
CFR,"Cullen/Frost Bankers
CFX,Colfax Corporation
CG,The Carlyle Group LP
CGA,"China Green Agriculture
CGNX,Cognex Corporation
CGI,Celadon Group Inc.
CHD,Church & Dwight Co. Inc.
CHDX,Chindex International Inc.
CHBT,"China-Biotics
CHE,Chemed Corp.
CHEF,"The Chefs' Warehouse
CHCI,"Comstock Holding Companies
CHEV,Cheviot Financial Corp.
CHFC,Chemical Financial Corporation
CHCO,City Holding Co.
CHFN,Charter Financial Corporation
CHGS,"China Gengsheng Minerals
CHH,Choice Hotels International Inc.
CHK,Chesapeake Energy Corporation
CHKE,Cherokee Inc.
CHLN,"China Housing and Land Development
CHMG,Chemung Financial Corporation
CHMP,Champion Industries Inc.
CHMT,Chemtura Corporation
CHRW,CH Robinson Worldwide Inc.
CHS,Chico's FAS Inc.
CHSCP,"CHS
CHTP,Chelsea Therapeutics International Ltd.
CHSP,Chesapeake Lodging Trust
CHUY,"Chuy's Holdings
CHYR,ChyronHego Corp.
CI,Cigna Corp.
CIDM,Cinedigm Corp.
CIEN,Ciena Corporation
CIFC,CIFC Corp.
CIM,Chimera Investment Corporation
CINF,Cincinnati Financial Corp.
CIR,"CIRCOR International
CIT,CIT Group Inc.
CITZ,CFS Bancorp Inc.
CIX,CompX International Inc.
CIZN,Citizens Holding Company
CJJD,"China Jo-Jo Drugstores
CKP,Checkpoint Systems Inc.
CL,Colgate-Palmolive Co.
CLB,Core Laboratories NV
CLBH,Carolina Bank Holdings Inc.
CLC,CLARCOR Inc.
CLCT,Collectors Universe Inc.
CLD,Cloud Peak Energy Inc.
CLDT,Chatham Lodging Trust
CKX,CKX Lands Inc.
CLDX,"Celldex Therapeutics
CLF,Cliffs Natural Resources Inc.
CLFD,"Clearfield
CLIR,Clearsign Combustion Corp.
CLMS,Calamos Asset Management Inc.
CLNE,Clean Energy Fuels Corp.
CLNT,"Cleantech Solutions International
CLNY,"Colony Financial
CLR,"Continental Resources
CLRO,"ClearOne
CLRX,"CollabRx
CLSN,Celsion Corp.
CLW,Clearwater Paper Corporation
CLVS,"Clovis Oncology
CLX,The Clorox Company
CLUB,Town Sports International Holdings Inc.
CMC,Commercial Metals Company
CMA,Comerica Incorporated
CMCO,Columbus McKinnon Corporation
CMCSK,Comcast Corporation
CME,CME Group Inc.
CMCSA,Comcast Corporation
CMFO,China Marine Food Group Limited
CMG,"Chipotle Mexican Grill
CMI,Cummins Inc.
CMKG,"mktg
CMLP,Crestwood Midstream Partners LP
CMLS,Cumulus Media Inc.
CMP,Compass Minerals International Inc.
CMRO,"Comarco
CMN,Cantel Medical Corp.
CMRX,"Chimerix
CMTL,Comtech Telecommunications Corp.
CNBKA,Century Bancorp Inc.
CNC,Centene Corp.
CNDO,"Coronado Biosciences
CNK,Cinemark Holdings Inc.
CNL,Cleco Corporation
CNA,CNA Financial Corporation
CNBC,"Center Bancorp
CNO,"CNO Financial Group
CNMD,CONMED Corporation
CNOB,"ConnectOne Bancorp
CNQR,"Concur Technologies
CNS,Cohen & Steers Inc.
CNSI,"Comverse
CNSL,Consolidated Communications Holdings Inc.
CNW,Con-way Inc.
CNX,CONSOL Energy Inc.
CNYD,"China Yida Holding
COBK,"Colonial Financial Services
COBZ,CoBiz Financial Inc.
COCO,Corinthian Colleges Inc.
CODI,Compass Diversified Holdings
COF,Capital One Financial Corporation
COG,Cabot Oil & Gas Corporation
COH,"Coach
COHR,Coherent Inc.
COKE,Coca-Cola Bottling Co. Consolidated
COL,Rockwell Collins Inc.
COHU,"Cohu
COLB,Columbia Banking System Inc.
COLM,Columbia Sportswear Company
CONN,Conns Inc.
COO,The Cooper Companies Inc.
COOL,Majesco Entertainment Co.
COP,ConocoPhillips
COR,CoreSite Realty Corporation
CORT,Corcept Therapeutics Incorporated
CORX,"Cortex Pharmaceuticals
COSI,Cosi Inc.
COST,Costco Wholesale Corporation
COT,Cott Corporation
COV,Covidien plc
COVR,Cover-All Technologies Inc.
COWN,"Cowen Group
CPAH,CounterPath Corporation
CPB,Campbell Soup Company
CPE,Callon Petroleum Company
CPF,Central Pacific Financial Corp.
CPGI,China Shengda Packaging Group Inc.
CPHD,Cepheid
CPIX,"Cumberland Pharmaceuticals
CPHC,Canterbury Park Holding Corporation
CPN,Calpine Corp.
CPRT,"Copart
CPLA,Capella Education Co.
CPRX,Catalyst Pharmaceutical Partners Inc.
CPSI,Computer Programs & Systems Inc.
CPSL,"China Precision Steel
CPST,Capstone Turbine Corp.
CPT,Camden Property Trust
CRAI,CRA International Inc.
CPWR,Compuware Corporation
CRAY,Cray Inc.
CRDC,Cardica Inc.
CREE,"Cree
CRIS,"Curis
CRK,Comstock Resources Inc.
CRL,"Charles River Laboratories International
CRMD,"CorMedix
CRMT,America's Car-Mart Inc.
CROX,"Crocs
CRMB,"Crumbs Bake Shop
CRR,CARBO Ceramics Inc.
CRRC,Courier Corporation
CRRS,"Corporate Resource Services
CRS,Carpenter Technology Corp.
CRTX,Cornerstone Therapeutics Inc.
CRUS,Cirrus Logic Inc.
CRV,Coast Distribution System Inc.
CRVL,CorVel Corporation
CRVP,"Crystal Rock Holdings
CRWS,"Crown Crafts
CRY,CryoLife Inc.
CSBK,Clifton Bancorp Inc.
CSCD,Cascade Microtech Inc.
CSC,Computer Sciences Corporation
CSCO,"Cisco Systems
CSFL,"CenterState Banks
CSGP,CoStar Group Inc.
CSGS,CSG Systems International Inc.
CSH,"Cash America International
CSHB,Community Shores Bank Corp.
CSII,Cardiovascular Systems Inc.
CSL,Carlisle Companies Incorporated
CSOD,"Cornerstone OnDemand
CSPI,CSP Inc.
CSS,CSS Industries Inc.
CST,"CST Brands
CSV,Carriage Services Inc.
CSWC,Capital Southwest Corporation
CSX,CSX Corp.
CTAS,Cintas Corporation
CTB,Cooper Tire & Rubber Co.
CTBI,Community Trust Bancorp Inc.
CTCT,"Constant Contact
CTG,Computer Task Group Inc.
CTHR,Charles & Colvard Ltd.
CTIB,CTI Industries Corp.
CTL,"CenturyLink
CTO,Consolidated Tomoka Land Co.
CTRN,"Citi Trends
CTS,CTS Corporation
CTSH,Cognizant Technology Solutions Corporation
CTWS,Connecticut Water Service Inc.
CTXS,"Citrix Systems
CUB,Cubic Corporation
CUBI,"Customers Bancorp
CUI,"CUI Global
CUNB,CU Bancorp
CUO,Continental Materials Corp.
CUTR,"Cutera
CUZ,Cousins Properties Incorporated
CVA,Covanta Holding Corporation
CVBF,CVB Financial Corp.
CVC,Cablevision Systems Corporation
CVBK,Central Virginia Bankshares Inc.
CVCO,"Cavco Industries
CVCY,Central Valley Community Bancorp
CVD,Covance Inc.
CVG,Convergys Corporation
CVGI,Commercial Vehicle Group Inc.
CVI,"CVR Energy
CVGW,Calavo Growers Inc.
CVLT,"CommVault Systems
CVLY,Codorus Valley Bancorp Inc.
CVM,CEL-SCI Corporation
CVO,Cenveo Inc.
CVR,Chicago Rivet & Machine Co.
CVTI,"Covenant Transportation Group
CVS,CVS Caremark Corporation
CVU,CPI Aerostructures Inc.
CVV,CVD Equipment Corporation
CVVT,"China Valves Technology
CVX,Chevron Corporation
CW,Curtiss-Wright Corporation
CWBC,Community West Bancshares
CWCO,Consolidated Water Co. Ltd.
CWEI,"Clayton Williams Energy
CWH,CommonWealth REIT
CWHN,CommonWealth REIT
CWST,Casella Waste Systems Inc.
CWT,California Water Service Group
CWTR,Coldwater Creek Inc.
CXDC,China XD Plastics Company Ltd.
CXO,"Concho Resources
CXP,"Columbia Property Trust
CXPO,Crimson Exploration Inc.
CXW,Corrections Corporation of America
CY,Cypress Semiconductor Corporation
CYAN,Cyanotech Corp.
CYB,WisdomTree Chinese Yuan Strategy
CYBE,CyberOptics Corp.
CYBX,Cyberonics Inc.
CYCC,"Cyclacel Pharmaceuticals
CYCCP,"Cyclacel Pharmaceuticals
CYH,"Community Health Systems
CYN,City National Corporation
CYNI,"Cyan
CYNO,"Cynosure
CYS,"CYS Investments
CYT,Cytec Industries Inc.
CYTK,"Cytokinetics
CYTR,CytRx Corporation
CYTX,"Cytori Therapeutics
CYTXW,Cytori Therapeutics Inc
CZFC,Citizens First Corporation
CZNC,Citizens & Northern Corp.
CZWI,"Citizens Community Bancorp
D,"Dominion Resources
DAEG,Daegis Inc.
CZR,Caesars Entertainment Corporation
DAIO,Data I/O Corp.
DAL,Delta Air Lines Inc.
DAKT,Daktronics Inc.
DAN,Dana Holding Corporation
DAR,Darling International Inc.
DARA,"DARA BioSciences
DATA,"Tableau Software
DAVE,Famous Dave's of America Inc.
DBD,"Diebold
DBLE,Double Eagle Petroleum Co.
DBLEP,Double Eagle Petroleum Co.
DCI,"Donaldson Company
DCO,Ducommun Inc.
DCOM,Dime Community Bancshares Inc.
DCT,DCT Industrial Trust Inc.
DCTH,"Delcath Systems
DD,E. I. du Pont de Nemours and Company
DDD,3D Systems Corp.
DDDC,"deltathree
DDE,Dover Downs Gaming & Entertainment Inc.
DDR,DDR Corp.
DDS,Dillard's Inc.
DE,Deere & Company
DECK,Deckers Outdoor Corp.
DEER,"Deer Consumer Products
DEI,Douglas Emmett Inc
DEL,Deltic Timber Corporation
DENN,Denny's Corporation
DEPO,DepoMed Inc.
DEST,Destination Maternity Corporation
DF,Dean Foods Company
DFS,Discover Financial Services
DFT,"DuPont Fabros Technology
DFZ,R.G. Barry Corporation
DG,Dollar General Corporation
DGI,"DigitalGlobe
DGAS,"Delta Natural Gas Company
DGICA,Donegal Group Inc.
DGICB,Donegal Group Inc.
DGII,Digi International Inc.
DGIT,"Digital Generation
DGLY,Digital Ally Inc.
DGSE,DGSE Companies Inc.
DGX,Quest Diagnostics Inc.
DHI,DR Horton Inc.
DHIL,Diamond Hill Investment Group Inc.
DHR,Danaher Corp.
DHX,"Dice Holdings
DHRM,Dehaier Medical Systems Limited
DIET,Ediets.com Inc.
DIN,"DineEquity
DIOD,Diodes Incorporated
DISCA,"Discovery Communications
DISCB,"Discovery Communications
DISCK,"Discovery Communications
DISH,Dish Network Corp.
DIS,The Walt Disney Company
DJCO,Daily Journal Corp.
DIT,AMCON Distributing Co.
DK,"Delek US Holdings
DKL,"Delek Logistics Partners
DKS,Dick's Sporting Goods Inc.
DLB,"Dolby Laboratories
DLA,Delta Apparel Inc.
DLGC,"Dialogic
DLLR,DFC Global Corp.
DLIA,"dELiA*s
DLHC,DLH Holdings Corp.
DLPH,Delphi Automotive PLC
DLR,Digital Realty Trust Inc.
DLTR,"Dollar Tree
DLX,Deluxe Corp.
DMD,"Demand Media
DMLP,Dorchester Minerals LP
DMRC,Digimarc Corporation
DMND,"Diamond Foods
DNB,Dun & Bradstreet Corp.
DNDN,Dendreon Corp.
DNKN,"Dunkin' Brands Group
DNR,Denbury Resources Inc.
DO,"Diamond Offshore Drilling
DNBF,DNB Financial Corp.
DORM,"Dorman Products
DOV,Dover Corporation
DOW,The Dow Chemical Company
DPS,"Dr Pepper Snapple Group
DPM,DCP Midstream Partners LP
DPW,Digital Power Corp.
DRAD,Digirad Corporation
DRAM,Dataram Corporation
DRC,Dresser-Rand Group Inc.
DRCO,Dynamics Research Corporation
DRE,Duke Realty Corporation
DPZ,"Domino's Pizza
DRIV,Digital River Inc.
DRH,Diamondrock Hospitality Co.
DRI,"Darden Restaurants
DRL,Doral Financial Corporation
DRQ,"Dril-Quip
DRRX,DURECT Corporation
DRTX,"Durata Therapeutics
DSCI,Derma Sciences Inc.
DSCO,Discovery Laboratories Inc.
DSPG,DSP Group Inc.
DSKX,"DS Healthcare Group
DSS,"Document Security Systems
DSTI,DayStar Technologies Inc.
DSW,DSW Inc.
DTE,DTE Energy Company
DTLK,Datalink Corporation
DTSI,DTS Inc.
DTV,DIRECTV
DUK,Duke Energy Corporation
DVA,DaVita HealthCare Partners Inc.
DV,DeVry Education Group Inc.
DVAX,Dynavax Technologies Corporation
DVCR,Diversicare Healthcare Services Inc.
DVD,Dover Motorsports Inc.
DVN,Devon Energy Corporation
DVR,Cal Dive International Inc
DWA,DreamWorks Animation SKG Inc.
DW,Drew Industries Incorporated
DWCH,Datawatch Corporation
DWRE,"Demandware
DWSN,Dawson Geophysical Company
DX,Dynex Capital Inc.
DXCM,"DexCom
DXLG,"Destination XL Group
DXM,"Dex Media
DXPE,"DXP Enterprises
DXR,Daxor Corp.
DY,Dycom Industries Inc.
DYAX,Dyax Corp.
DYII,Dynacq Healthcare Inc.
DYNIQ,DYNEGY INC NEW
DYSL,Dynasil Corporation of America
EAC,Erickson Incorporated
EA,Electronic Arts Inc.
EBF,Ennis Inc.
EAT,"Brinker International
EBIX,Ebix Inc.
EBAY,eBay Inc.
EBMT,"Eagle Bancorp Montana
EBSB,"Meridian Interstate Bancorp
EBTC,Enterprise Bancorp Inc.
EBS,"Emergent BioSolutions
ECHO,"Echo Global Logistics
ECL,Ecolab Inc.
ECOL,"US Ecology
ECOM,ChannelAdvisor Corporation
ECTE,"Echo Therapeutics
ECTY,"ECOtality
ECYT,"Endocyte
ED,"Consolidated Edison
EDGW,Edgewater Technology Inc.
EDMC,Education Management Corporation
EDE,The Empire District Electric Company
EDR,"Education Realty Trust
EDUC,Educational Development Corporation
EEI,"Ecology & Environment
EFC,Ellington Financial LLC
EEFT,Euronet Worldwide Inc.
EFII,"Electronics for Imaging
EFOI,"Energy Focus
EFSC,Enterprise Financial Services Corp.
EFX,Equifax Inc.
EGAN,eGain Corporation
EGHT,8x8 Inc.
EGL,"Engility Holdings
EGN,Energen Corp.
EGOV,NIC Inc.
EGY,Vaalco Energy Inc.
EHTH,"eHealth
EIG,"Employers Holdings
ELGX,Endologix Inc.
ELLI,"Ellie Mae
ELNK,EarthLink Holdings Corp.
ELRC,Electro Rent Corporation
ELX,Emulex Corporation
EMCI,EMC Insurance Group Inc.
ELY,Callaway Golf Co.
EME,EMCOR Group Inc.
END,Endeavour International Corporation
ENDP,Endo International plc
ENH,Endurance Specialty Holdings Ltd.
ENR,Energizer Holdings Inc.
ENS,EnerSys
ENPH,"Enphase Energy
ENSG,"The Ensign Group
ENTG,"Entegris
ENTA,"Enanta Pharmaceuticals
ENTR,"Entropic Communications
ENV,"Envestnet
ENZN,Enzon Pharmaceuticals Inc.
EOPN,"E2open
EPAM,"EPAM Systems
EPAY,Bottomline Technologies
EPIQ,"Epiq Systems
EPM,Evolution Petroleum Corp.
EPL,"EPL Oil & Gas
EPZM,"Epizyme
EQIX,"Equinix
EQU,Equal Energy Ltd.
ERA,Era Group Inc.
ERII,"Energy Recovery
ERIE,Erie Indemnity Company
ESBF,ESB Financial Corp.
ESGR,Enstar Group Limited
ESE,ESCO Technologies Inc.
ESIO,Electro Scientific Industries Inc.
ESSA,"ESSA Bancorp
ETH,Ethan Allen Interiors Inc.
ETM,Entercom Communications Corp.
EVC,Entravision Communications Corporation
EVTC,"EVERTEC
ESL,Esterline Technologies Corp.
ESC,Emeritus Corp.
EVR,Evercore Partners Inc.
EWBC,"East West Bancorp
EV,Eaton Vance Corp.
EXAC,Exactech Inc.
EXAS,Exact Sciences Corporation
EXAR,Exar Corp.
EXAM,"ExamWorks Group
EXEL,"Exelixis
EXH,"Exterran Holdings
EXLS,"Exlservice Holdings
EXPO,Exponent Inc.
EXPR,Express Inc.
EXP,Eagle Materials Inc.
EXTR,Extreme Networks Inc.
EXXI,Energy XXI
EXR,Extra Space Storage Inc.
EZPW,"EZCORP
F,Ford Motor Co.
FABK,First Advantage Bancorp.
FAC,First Acceptance Corp.
FAF,First American Financial Corporation
FALC,Falconstor Software Inc.
FANG,"Diamondback Energy
FARM,Farmer Brothers Co.
FARO,FARO Technologies Inc.
FAST,Fastenal Company
FB,"Facebook
FBC,Flagstar Bancorp Inc.
FBHS,"Fortune Brands Home & Security
FBIZ,"First Business Financial Services
FBMI,Firstbank Corporation
FBMS,First Bancshares Inc.
FBNC,First Bancorp
FBNK,"First Connecticut Bancorp
FBP,First Bancorp
FBRC,FBR & Co.
FBSS,Fauquier Bankshares Inc.
FC,Franklin Covey Co.
FCAP,First Capital Inc.
FCCY,1st Constitution Bancorp
FCBC,"First Community Bancshares
FCCO,First Community Corporation
FCEL,FuelCell Energy Inc.
FCF,First Commonwealth Financial Corp.
FCFS,First Cash Financial Services Inc.
FCH,FelCor Lodging Trust Incorporated
FCLF,First Clover Leaf Financial Corp.
FCN,"FTI Consulting
FCNCA,First Citizens Bancshares Inc.
FCTY,"1st Century Bancshares
FCX,Freeport-McMoRan Copper & Gold Inc.
FCZA,First Citizens Banc Corp.
FDEF,First Defiance Financial Corp.
FDO,Family Dollar Stores Inc.
FDP,Fresh Del Monte Produce Inc.
FDS,FactSet Research Systems Inc.
FCS,Fairchild Semiconductor International Inc.
FDML,Federal-Mogul Holdings Corporation
FDX,FedEx Corporation
FE,FirstEnergy Corp.
FEIC,FEI Company
FEIM,Frequency Electronics Inc.
FES,Forbes Energy Services Ltd.
FELE,"Franklin Electric Co.
FET,"Forum Energy Technologies
FFBC,First Financial Bancorp.
FFBCW,First Financial Bancorp.
FF,FutureFuel Corp.
FFBH,First Federal Bancshares of Arkansas Inc.
FFEX,Frozen Food Express Industries Inc.
FFG,FBL Financial Group Inc.
FFIC,Flushing Financial Corp.
FFIN,First Financial Bankshares Inc.
FFIV,"F5 Networks
FFKT,Farmers Capital Bank Corporation
FFKY,First Financial Service Corp.
FFNM,"First Federal of Northern Michigan Bancorp
FFNW,"First Financial Northwest
FGP,Ferrellgas Partners LP
FHCO,The Female Health Company
FHN,First Horizon National Corporation
FIBK,First Interstate Bancsystem Inc.
FICO,Fair Isaac Corporation
FIG,Fortress Investment Group LLC
FII,"Federated Investors
FINL,Finish Line Inc.
FIO,"Fusion-io
FIRE,"Sourcefire
FIS,"Fidelity National Information Services
FISI,Financial Institutions Inc.
FITB,Fifth Third Bancorp
FISV,"Fiserv
FIVE,"Five Below
FIX,Comfort Systems USA Inc.
FIZZ,National Beverage Corp.
FL,"Foot Locker
FLDM,Fluidigm Corporation
FLIC,The First of Long Island Corporation
FLEX,Flextronics International Ltd.
FLIR,"FLIR Systems
FLL,Full House Resorts Inc.
FLO,"Flowers Foods
FLOW,Flow International Corporation
FLR,Fluor Corporation
FLT,"FleetCor Technologies
FLTX,Fleetmatics Group PLC
FLS,Flowserve Corp.
FLWS,1-800-Flowers.com Inc.
FLXS,Flexsteel Industries Inc.
FMBI,First Midwest Bancorp Inc.
FMC,FMC Corp.
FMCC,Federal Home Loan Mortgage Corporation
FMD,The First Marblehead Corporation
FMER,FirstMerit Corporation
FMNB,Farmers National Banc Corp.
FN,Fabrinet
FNB,F.N.B. Corporation
FNF,"Fidelity National Financial
FNFG,First Niagara Financial Group Inc.
FNGN,"Financial Engines
FNHC,Federated National Holding Company
FNLC,"The First Bancorp
FNSR,Finisar Corp.
FNMA,Federal National Mortgage Association
FOE,Ferro Corporation
FOLD,"Amicus Therapeutics
FONR,Fonar Corp.
FOR,Forestar Group Inc.
FORM,FormFactor Inc.
FORR,Forrester Research Inc.
FORD,Forward Industries Inc.
FOSL,"Fossil Group
FOX,"Twenty-First Century Fox
FOXA,"Twenty-First Century Fox
FPO,First Potomac Realty Trust
FPP,Fieldpoint Petroleum Corp.
FR,First Industrial Realty Trust Inc.
FRAN,Francesca's Holdings Corporation
FRBK,Republic First Bancorp Inc.
FRED,"Fred's
FRF,Fortegra Financial Corporation
FRGI,"Fiesta Restaurant Group
FRM,Furmanite Corporation
FRD,"Friedman Industries
FRME,First Merchants Corporation
FRNK,Franklin Financial Corporation
FRP,"Fairpoint Communications
FRT,Federal Realty Investment Trust
FSBK,First South Bancorp Inc.
FRX,Forest Laboratories Inc.
FRS,"Frisch's Restaurants
FSBW,"FS Bancorp
FSCI,"Fisher Communications
FSFG,"First Savings Financial Group
FSGI,"First Security Group
FSI,Flexible Solutions International Inc.
FSL,"Freescale Semiconductor
FSLR,"First Solar
FSP,Franklin Street Properties Corp.
FST,Forest Oil Corporation
FSTR,LB Foster Co.
FSYS,"Fuel Systems Solutions
FTEK,"Fuel-Tech
FTI,"FMC Technologies
FTK,Flotek Industries Inc.
FTNT,Fortinet Inc.
FU,FAB Universal Corporation
FTR,Frontier Communications Corporation
FUBC,"1st United Bancorp
FULT,Fulton Financial Corporation
FUN,"Cedar Fair
FUNC,First United Corporation
FUR,Winthrop Realty Trust
FUL,HB Fuller Co.
FURX,"Furiex Pharmaceuticals
FWLT,Foster Wheeler AG
FVE,Five Star Quality Care Inc.
FWRD,Forward Air Corp.
FXCM,FXCM Inc.
FWV,First West Virginia Bancorp Inc.
FXEN,FX Energy Inc.
G,Genpact Limited
GABC,German American Bancorp Inc.
GALE,"Galena Biopharma
GAIA,Gaiam Inc.
GALT,"Galectin Therapeutics
GALTU,Galectin Therapeutics Inc.
GAS,AGL Resources Inc.
GB,"Greatbatch
GBCI,"Glacier Bancorp
GBL,"GAMCO Investors
GBLI,Global Indemnity plc
GBNK,Guaranty Bancorp
GBR,"New Concept Energy
GBX,"The Greenbrier Companies
GCA,"Global Cash Access Holdings
GCAP,"GAIN Capital Holdings
GCBC,"Greene County Bancorp
GALTW,Galectin Therapeutics Inc.
GCFB,Granite City Food & Brewery Ltd.
GCI,"Gannett Co.
GCO,Genesco Inc.
GCOM,Globecomm Systems Inc.
GD,General Dynamics Corp.
GDOT,Green Dot Corporation
GE,General Electric Company
GEF,"Greif
GENC,Gencor Industries Inc.
GEO,"The GEO Group
GEOS,Geospace Technologies Corporation
GERN,Geron Corporation
GES,Guess' Inc.
GFF,Griffon Corporation
GEVO,"Gevo
GFIG,GFI Group Inc.
GFED,Guaranty Federal Bancshares Inc.
GFN,General Finance Corporation
GGG,Graco Inc.
GHDX,Genomic Health Inc.
GHM,Graham Corporation
GIG,"GigOptix
GIFI,Gulf Island Fabrication Inc.
GIII,"G-III Apparel Group
GIGA,Giga-tronics Inc.
GILD,Gilead Sciences Inc.
GIS,"General Mills
GKNT,"Geeknet
GLBZ,Glen Burnie Bancorp
GLCH,"Gleacher & Company
GK,
GLDC,Golden Enterprises Inc.
GLOW,"Glowpoint
GLP,Global Partners LP
GLPW,Global Power Equipment Group Inc.
GLRE,"Greenlight Capital Re
GLT,PH Glatfelter Co.
GLF,"Gulfmark Offshore
GLW,Corning Inc.
GLUU,"Glu Mobile
GM,General Motors Company
GMAN,"Gordmans Stores
GMCR,"Keurig Green Mountain
GME,GameStop Corp.
GMED,"Globus Medical
GMET,"Geomet
GMETP,"GeoMet
GMO,"General Moly
GNBT,Generex Biotechnology Corp.
GMT,GATX Corp.
GNC,GNC Holdings Inc.
GNCMA,General Communication Inc.
GNE,Genie Energy Ltd.
GNI,Great Northern Iron Ore Properties
GNRC,Generac Holdings Inc.
GNTX,Gentex Corp.
GNVC,"GenVec
GNW,Genworth Financial Inc.
GOM,Ally Financial Inc.
GOOD,Gladstone Commercial Corp.
GORO,Gold Resource Corp
GOV,Government Properties Income Trust
GPC,Genuine Parts Company
GPI,Group 1 Automotive Inc.
GOOG,Google Inc.
GPIC,Gaming Partners International Corporation
GPN,Global Payments Inc.
GPOR,Gulfport Energy Corp.
GPRE,"Green Plains Renewable Energy
GPX,GP Strategies Corp.
GRA,W.R. Grace & Co.
GRC,Gorman-Rupp Co.
GRPN,"Groupon
GRIF,Griffin Land & Nurseries Inc.
GSBC,Great Southern Bancorp Inc.
GSE,GSE Systems Inc.
GSIG,GSI Group Inc.
GSIT,GSI Technology Inc.
GSM,"Globe Specialty Metals
GTI,GrafTech International Ltd.
GTAT,GT Advanced Technologies Inc.
GTIV,Gentiva Health Services Inc.
GTLS,Chart Industries Inc.
GTS,Triple-S Management Corporation
GTN,Gray Television Inc.
GUID,"Guidance Software
GVA,Granite Construction Incorporated
GWR,Genesee & Wyoming Inc.
GXP,Great Plains Energy Incorporated
GY,GenCorp Inc.
GWRE,"Guidewire Software
H,Hyatt Hotels Corporation
HA,Hawaiian Holdings Inc.
HAE,Haemonetics Corporation
HAFC,Hanmi Financial Corporation
GTXI,GTX Inc.
HAIN,"The Hain Celestial Group
HALL,Hallmark Financial Services Inc.
HALO,"Halozyme Therapeutics
HASI,"Hannon Armstrong Sustainable Infrastructure Capital
HAWK,"Blackhawk Network Holdings
HAYN,"Haynes International
HBCP,"Home Bancorp
HBHC,Hancock Holding Company
HBI,Hanesbrands Inc.
HBIO,Harvard Bioscience Inc.
HBNC,Horizon Bancorp
HCA,"HCA Holdings
HCCI,"Heritage-Crystal Clean
HCI,"HCI Group
HCKT,"The Hackett Group
HCOM,"Hawaiian Telcom Holdco
HCSG,Healthcare Services Group Inc.
HDNG,Hardinge Inc.
HCC,HCC Insurance Holdings Inc.
HE,Hawaiian Electric Industries Inc.
HEES,
HEB,"Hemispherx Biopharma
HEI,HEICO Corporation
HEOP,Heritage Oaks Bancorp
HFBC,HopFed Bancorp Inc.
HF,"HFF
HFC,HollyFrontier Corporation
HES,Hess Corporation
HFFC,HF Financial Corp.
HFWA,Heritage Financial Corp.
HGG,"hhgregg
HGR,"Hanger
HH,Hooper Holmes Inc.
HHC,The Howard Hughes Corporation
HHS,Harte-Hanks Inc.
HI,"Hillenbrand
HIBB,"Hibbett Sports
HIG,"The Hartford Financial Services Group
HII,"Huntington Ingalls Industries
HIIQ,"Health Insurance Innovations
HGSH,China HGS Real Estate Inc.
HILL,Dot Hill Systems Corp.
HITT,Hittite Microwave Corporation
HITK,"Hi-Tech Pharmacal Co.
HIL,"Hill International
HIW,Highwoods Properties Inc.
HK,Halc
HL,Hecla Mining Co.
HLIT,Harmonic Inc.
HLF,Herbalife Ltd.
HLS,HEALTHSOUTH Corp.
HLSS,"Home Loan Servicing Solutions
HME,Home Properties Inc.
HMG,HMG/Courtland Properties Inc.
HMN,Horace Mann Educators Corp.
HMNF,HMN Financial Inc.
HMPR,Hampton Roads Bankshares Inc.
HMSY,HMS Holdings Corp.
HMTV,"Hemisphere Media Group
HNH,Handy & Harman Ltd.
HNR,Harvest Natural Resources Inc.
HNI,HNI Corp.
HNRG,Hallador Energy Company
HNSN,"Hansen Medical
HNT,"Health Net
HOFT,Hooker Furniture Corp.
HOG,"Harley-Davidson
HOLX,Hologic Inc.
HOMB,"Home Bancshares
HMST,"HomeStreet
HOLL,Hollywood Media Corp.
HOME,Home Federal Bancorp Inc.
HON,Honeywell International Inc.
HOS,"Hornbeck Offshore Services
HOT,Starwood Hotels & Resorts Worldwide Inc.
HOTR,"Chanticleer Holdings
HPAC,Hyde Park Acquisition Corp. II
HPCCP,Huntington Preferred Capital Inc.
HOV,Hovnanian Enterprises Inc.
HPOL,Harris Interactive Inc.
HPP,"Hudson Pacific Properties
HPQ,Hewlett-Packard Company
HPT,Hospitality Properties Trust
HPTX,"Hyperion Therapeutics
HPY,"Heartland Payment Systems
HRC,"Hill-Rom Holdings
HRB,
HRG,Harbinger Group Inc.
HR,Healthcare Realty Trust Incorporated
HRL,Hormel Foods Corporation
HRS,Harris Corporation
HRT,Arrhythmia Research Technology Inc.
HSC,Harsco Corporation
HSH,The Hillshire Brands Company
HSIC,"Henry Schein
HSII,Heidrick & Struggles International Inc.
HSKA,Heska Corporation
HSON,"Hudson Global
HSNI,"HSN
HSP,Hospira Inc.
HST,"Host Hotels & Resorts
HSTM,Healthstream Inc.
HSY,The Hershey Company
HT,Hersha Hospitality Trust
HTA,"Healthcare Trust of America
HTBI,"HomeTrust Bancshares
HTBK,Heritage Commerce Corp.
HTCH,Hutchinson Technology Inc.
HTCO,Hickory Tech Corp.
HTH,Hilltop Holdings Inc.
HTLD,"Heartland Express
HTLF,"Heartland Financial USA
HTM,U.S. Geothermal Inc.
HTS,Hatteras Financial Corp
HTWR,Heartware International Inc.
HTZ,"Hertz Global Holdings
HUBB,Hubbell Inc.
HUBG,Hub Group Inc.
HUM,Humana Inc.
HUN,Huntsman Corporation
HURC,Hurco Companies Inc.
HURN,Huron Consulting Group Inc.
HUSA,Houston American Energy Corp.
HVB,Hudson Valley Holding Corp.
HVT,Haverty Furniture Companies Inc.
HW,Headwaters Incorporated
HWAY,Healthways Inc.
HWBK,"Hawthorn Bancshares
HWG,The Hallwood Group Incorporated
HWCC,Houston Wire & Cable Company
HWKN,Hawkins Inc.
HXL,Hexcel Corp.
HY,"Hyster-Yale Materials Handling
HZNP,"Horizon Pharma
HZO,Marinemax Inc.
IACI,IAC/InterActiveCorp
IART,Integra LifeSciences Holdings Corporation
IBCA,Intervest Bancshares Corp.
IBCP,Independent Bank Corporation
IBIO,"iBio
IBKC,IberiaBank Corp.
IBKR,"Interactive Brokers Group
IBM,International Business Machines Corporation
IBOC,International Bancshares Corporation
ICAD,"iCAD
IBTX,"Independent Bank Group
ICCC,ImmuCell Corp.
ICE,"IntercontinentalExchange Group
ICFI,ICF International Inc.
ICGE,"ICG Group
ICH,"Investors Capital Holdings
ICON,"Iconix Brand Group
ICUI,"ICU Medical
ICPT,"Intercept Pharmaceuticals
IDA,"IdaCorp
IDCC,"InterDigital
IDIX,Idenix Pharmaceuticals Inc.
IDN,"Intellicheck Mobilisa
IDRA,"Idera Pharmaceuticals
IDSA,"Industrial Services of America
IDSY,ID Systems Inc.
IDT,IDT Corporation
IDTI,"Integrated Device Technology
IDXX,"IDEXX Laboratories
IEC,IEC Electronics Corp.
IEP,"Icahn Enterprises
IESC,"Integrated Electrical Services
IEX,IDEX Corporation
IFMI,"Institutional Financial Markets
IFNY,Infinity Energy Resources Inc.
IFT,"Imperial Holdings
IFF,International Flavors & Fragrances Inc.
IG,"IGI
IFON,Infosonics Corp.
IGC,"India Globalization Capital
IGOI,"iGo
IGTE,iGATE Corporation
IHC,Independence Holding Co.
IHT,Innsuites Hospitality Trust
III,"Information Services Group
IILG,"Interval Leisure Group
IIN,Intricon Corp.
IIIN,Insteel Industries Inc.
IKAN,"Ikanos Communications
IKNX,Ikonics Corp.
IIVI,II-VI Incorporated
IL,"IntraLinks Holdings
ILMN,Illumina Inc.
IM,Ingram Micro Inc.
IMAX,IMAX Corporation
IMGN,"ImmunoGen
IMH,Impac Mortgage Holdings Inc.
IMCB,Intermountain Community Bancorp
IMI,"Intermolecular
IMKTA,"Ingles Markets
IMMR,Immersion Corporation
IMMU,Immunomedics Inc.
IMMY,"Imprimis Pharmaceuticals
IMN,Imation Corp.
INAP,Internap Network Services Corp.
IMO,Imperial Oil Ltd.
INB,Cohen & Steers Global Income Bu
INCY,Incyte Corporation
INDB,Independent Bank Corp.
INFA,Informatica Corporation
INFI,"Infinity Pharmaceuticals
INFN,Infinera Corporation
INFU,"InfuSystem Holdings
INGR,Ingredion Incorporated
ININ,Interactive Intelligence Group Inc.
INN,"Summit Hotel Properties
INO,"Inovio Pharmaceuticals
INOC,Innotrac Corp.
INPH,Interphase Corp.
INS,Intelligent Systems Corporation
INSM,Insmed Incorporated
INSY,"INSYS Therapeutics
INT,World Fuel Services Corp.
INTC,Intel Corporation
INTT,inTEST Corp.
INTL,INTL FCStone Inc.
INTU,Intuit Inc.
INTX,Intersections Inc.
INTG,The InterGroup Corporation
INTZ,Intrusion Inc.
INVE,Identive Group Inc.
INUV,"Inuvo
INVN,"InvenSense
INWK,InnerWorkings Inc.
IO,ION Geophysical Corporation
IOSP,Innospec Inc.
IOT,Income Opportunity Realty Investors Inc.
IP,International Paper Company
IPG,"The Interpublic Group of Companies
IPGP,IPG Photonics Corporation
IPHI,Inphi Corporation
IPI,"Intrepid Potash
IR,Ingersoll-Rand Plc
IRBT,iRobot Corporation
IPXL,Impax Laboratories Inc.
IRC,Inland Real Estate Corp.
IRDM,Iridium Communications Inc.
IRET,Investors Real Estate Trust
IRG,"Ignite Restaurant Group
IRM,Iron Mountain Inc.
IRIX,IRIDEX Corporation
IROQ,"IF Bancorp
IRWD,"Ironwood Pharmaceuticals
ISBC,Investors Bancorp Inc.
ISCA,International Speedway Corp.
ISH,International Shipholding Corp.
ISIG,Insignia Systems Inc.
ISIL,Intersil Corporation
ISIS,"Isis Pharmaceuticals
ISLE,"Isle of Capri Casinos
ISNS,"Image Sensing Systems
ISR,"IsoRay
ISRG,"Intuitive Surgical
ISRL,Isramco Inc.
ISSC,Innovative Solutions & Support Inc.
ISSI,Integrated Silicon Solution Inc.
IT,Gartner Inc.
ITG,Investment Technology Group Inc.
ITI,"Iteris
ITIC,Investors Title Co.
ITMN,"InterMune
ITRI,"Itron
ITT,ITT Corporation
ITW,Illinois Tool Works Inc.
IVAC,Intevac Inc.
IVC,Invacare Corporation
IVR,Invesco Mortgage Capital Inc.
IVZ,Invesco Ltd.
IXYS,IXYS Corp.
JACK,Jack in the Box Inc.
JAH,Jarden Corp.
JAKK,"JAKKS Pacific
JBHT,JB Hunt Transport Services Inc.
JBL,Jabil Circuit Inc.
JBLU,JetBlue Airways Corporation
JBSS,John B Sanfilippo & Son Inc.
JBT,John Bean Technologies Corporation
JCI,Johnson Controls Inc.
JCP,"J. C. Penney Company
JAXB,"Jacksonville Bancorp
JCS,Communications Systems Inc.
JCTCF,Jewett-Cameron Trading Company Ltd.
JDSU,JDS Uniphase Corporation
JEC,Jacobs Engineering Group Inc.
JFBC,Jeffersonville Bancorp
JFBI,Jefferson Bancshares Inc.
JKHY,Jack Henry & Associates Inc.
JJSF,
JMP,JMP Group Inc.
JNGW,Jingwei International Limited
JNJ,Johnson & Johnson
JNPR,"Juniper Networks
JNS,"Janus Capital Group
JOB,General Employment Enterprises Inc.
JOE,The St. Joe Company
JOEZ,Joe's Jeans Inc.
JOSB,Jos. A Bank Clothiers Inc.
KFY,Korn/Ferry International
KKD,"Krispy Kreme Doughnuts
KOP,Koppers Holdings Inc.
KOS,Kosmos Energy Ltd.
KRO,"Kronos Worldwide
KTOS,"Kratos Defense & Security Solutions
KRA,Kraton Performance Polymers Inc.
KVHI,KVH Industries Inc.
KWK,Quicksilver Resources Inc.
KWR,Quaker Chemical Corporation
LABL,Multi-Color Corp.
LAD,Lithia Motors Inc.
KYTH,"Kythera Biopharmaceuticals
LAMR,Lamar Advertising Co.
LANC,Lancaster Colony Corporation
LAYN,Layne Christensen Company
LBAI,Lakeland Bancorp Inc.
LBY,Libbey Inc.
LCI,"Lannett Company
LCNB,LCNB Corp.
LCUT,"Lifetime Brands
IRF,International Rectifier Corporation
LDL,Lydall Inc.
LDR,Landauer Inc.
LEA,Lear Corp.
LEAP,Leap Wireless International Inc.
LEDS,SemiLEDs Corporation
LECO,Lincoln Electric Holdings Inc.
LEE,"Lee Enterprises
LEG,"Leggett & Platt
LEI,"Lucas Energy
LF,LeapFrog Enterprises Inc.
LFUS,Littelfuse Inc.
LEN,Lennar Corp.
LFVN,Lifevantage Corporation
LG,"The Laclede Group
LGCY,Legacy Reserves LP
LGF,Lions Gate Entertainment Corp.
LGL,"The LGL Group
LGND,Ligand Pharmaceuticals Incorporated
LGP,Lehigh Gas Partners LP
LHCG,"LHC Group
LH,Laboratory Corp. of America Holdings
LHO,LaSalle Hotel Properties
LIFE,Life Technologies Corporation
LII,"Lennox International
LIME,Lime Energy Co.
LINC,Lincoln Educational Services Corporation
LINE,"Linn Energy
LINTA,Liberty Interactive Corporation
LION,Fidelity Southern Corporation
LIOX,Lionbridge Technologies Inc.
LIVE,"LiveDeal
LIWA,"Lihua International
LKFN,Lakeland Financial Corp.
LKQ,LKQ Corp.
LL,"Lumber Liquidators Holdings
LLEN,"L & L Energy
LLL,L-3 Communications Holdings Inc.
LLNW,"Limelight Networks
LLTC,Linear Technology Corporation
LLY,Eli Lilly and Company
LMAT,"LeMaitre Vascular
LMIA,LMI Aerospace Inc.
LMCA,Liberty Media Corporation
LMNR,Limoneira Company
LMNX,Luminex Corporation
LMOS,Lumos Networks Corp.
LMT,Lockheed Martin Corporation
LNBB,LNB Bancorp Inc.
LNC,Lincoln National Corporation
LNCE,"Snyder's-Lance
LNCO,"Linn Co
LNDC,Landec Corp.
LNKD,LinkedIn Corporation
LNN,Lindsay Corporation
LNT,Alliant Energy Corporation
LO,"Lorillard
LOCK,"LifeLock
LOAN,"Manhattan Bridge Capital
LOCM,Local Corporation
LODE,"Comstock Mining
LOGM,"LogMeIn
LOJN,LoJack Corporation
LOGC,LOGIC Devices Incorporated
LOOK,"LookSmart
LOGI,Logitech International SA
LORL,"Loral Space & Communications
LOPE,"Grand Canyon Education
LOV,"Spark Networks
LOW,Lowe's Companies Inc.
LPHI,"Life Partners Holdings
LPI,"Laredo Petroleum
LPLA,LPL Financial Holdings Inc.
LPNT,Lifepoint Hospitals Inc.
LPSN,LivePerson Inc.
LPTN,Lpath Inc.
LPX,Louisiana-Pacific Corp.
LQDT,"Liquidity Services
LRAD,LRAD Corporation
LRCX,Lam Research Corporation
LRN,"K12
LRY,Liberty Property Trust
LSBI,LSB Financial Corp.
LSBK,Lake Shore Bancorp Inc.
LSCC,Lattice Semiconductor Corporation
LSI,LSI Corporation
LSTR,Landstar System Inc.
LTBR,Lightbridge Corp.
LTC,LTC Properties Inc.
LTM,Life Time Fitness Inc.
LTRE,Learning Tree International Inc.
LTRX,"Lantronix
LTS,Ladenburg Thalmann Financial Services Inc.
LTXC,LTX-Credence Corporation
LUB,"Luby's
LULU,Lululemon Athletica Inc.
LUNA,Luna Innovations Incorporated
LUV,Southwest Airlines Co.
LVS,Las Vegas Sands Corp.
LWAY,Lifeway Foods Inc.
LXK,Lexmark International Inc.
LXP,Lexington Realty Trust
LXRX,"Lexicon Pharmaceuticals
LYB,LyondellBasell Industries NV
LYTS,LSI Industries Inc.
LYV,"Live Nation Entertainment
LZB,La-Z-Boy Incorporated
M,"Macy's
MA,MasterCard Incorporated
MAA,Mid-America Apartment Communities Inc.
MAC,The Macerich Company
MACE,Mace Security International Inc.
MACK,"Merrimack Pharmaceuticals
MAG,Magnetek Inc.
MAKO,MAKO Surgical Corp.
MAMS,"MAM Software Group
MAN,ManpowerGroup Inc.
MANH,"Manhattan Associates
MAR,"Marriott International
MARK,"Remark Media
MAS,Masco Corporation
MASC,Material Sciences Corporation
MASI,Masimo Corporation
MAT,"Mattel
MATW,Matthews International Corporation
MAXY,"Maxygen
MAYS,JW Mays Inc.
MBFI,MB Financial Inc.
MBLX,"Metabolix
MBND,Multiband Corporation
MBRG,Middleburg Financial Corporation
MBTF,MBT Financial Corp.
MBWM,Mercantile Bank Corp.
MCBC,Macatawa Bank Corp.
MCBF,Monarch Community Bancorp Inc.
MCBI,Metrocorp Bancshares Inc.
MCBK,"Madison County Financial
MCD,McDonald's Corp.
MCF,Contango Oil & Gas Company
MCHP,Microchip Technology Inc.
MCHX,"Marchex
MCK,McKesson Corporation
MCO,Moody's Corporation
MCRI,Monarch Casino & Resort Inc.
MCRS,"MICROS Systems
MCS,The Marcus Corporation
MCP,"Molycorp
MCY,Mercury General Corporation
MD,"MEDNAX
MCZ,Mad Catz Interactive Inc.
MDC,MDC Holdings Inc.
MDCI,Medical Action Industries Inc.
MDCO,The Medicines Company
MDLZ,"Mondelez International
MDP,Meredith Corporation
MDSO,"Medidata Solutions
MDT,"Medtronic
MDU,MDU Resources Group Inc.
MDW,Midway Gold Corp.
MDVN,"Medivation
MDXG,"MiMedx Group
MEAD,Meade Instruments Corp.
MEAS,Measurement Specialties Inc.
MED,Medifast Inc.
MEET,"MeetMe
MEIP,"MEI Pharma
MELA,"MELA Sciences
MELI,"Mercadolibre
MEI,"Methode Electronics
MEMP,Memorial Production Partners LP
MEMS,"MEMSIC
MENT,Mentor Graphics Corp.
MERR,"Merriman Holdings
MET,"MetLife
MFA,"MFA Financial
METR,"Metro Bancorp
MFCO,Microwave Filter Co. Inc.
MFI,MicroFinancial Inc.
MFLR,"Mayflower Bancorp
MFLX,"Multi-Fineline Electronix
MFNC,Mackinac Financial Corporation
MFRI,"MFRI
MFRM,Mattress Firm Holding Corp.
MFSF,Mutualfirst Financial Inc.
MG,"Mistras Group
MGAM,"Multimedia Games Holding Company
MGCD,MGC Diagnostics Corporation
MGLN,Magellan Health Services Inc.
MGM,MGM Resorts International
MGPI,MGP Ingredients Inc.
MGT,"MGT Capital Investments
MGYR,"Magyar Bancorp
MHFI,"McGraw Hill Financial
MHGC,Morgans Hotel Group Co.
MHO,"M/I Homes
MGN,"Mines Management
MHH,"Mastech Holdings
MIDD,Middleby Corp.
MIG,Meadowbrook Insurance Group Inc.
MILL,"Miller Energy Resources
MIND,Mitcham Industries Inc.
MINI,"Mobile Mini
MHK,Mohawk Industries Inc.
MITK,"Mitek Systems
MITL,Mitel Networks Corporation
MJN,Mead Johnson Nutrition Company
MKC,"McCormick & Company
MKL,Markel Corp.
MKSI,"MKS Instruments
MKTG,"Responsys
MKTO,"Marketo
MKTX,MarketAxess Holdings Inc.
MKTY,"Mechanical Technology
MLAB,Mesa Laboratories Inc.
MLM,Martin Marietta Materials Inc.
MLHR,Herman Miller Inc.
MLP,"Maui Land & Pineapple Company
MLNK,"ModusLink Global Solutions
MLNX,"Mellanox Technologies
MMC,"Marsh & McLennan Companies
MMP,Magellan Midstream Partners LP
MMM,3M Company
MMS,"MAXIMUS
MMSI,"Merit Medical Systems
MNDL,"Mandalay Digital Group
MNGA,Magnegas Corporation
MN,"Manning & Napier
MNKD,MannKind Corp.
MNOV,MediciNova Inc.
MNR,Monmouth Real Estate Investment Corp.
MNRK,"Monarch Financial Holdings
MNRO,Monro Muffler Brake Inc.
MNST,Monster Beverage Corporation
MNTA,Momenta Pharmaceuticals Inc.
MNTG,"MTR Gaming Group
MNTX,"Manitex International
MO,Altria Group Inc.
MOC,Command Security Corp.
MOCO,MOCON Inc.
MOD,Modine Manufacturing Company
MODN,"Model N
MOFG,"MidWest One Financial Group
MOGA,Moog Inc.
MOH,"Molina Healthcare
MOLX,Molex Incorporated
MOLXA,Molex Incorporated
MON,Monsanto Company
MORN,Morningstar Inc.
MOS,The Mosaic Company
MOSY,"MoSys
MOV,"Movado Group
MOVE,"Move
MPAA,Motorcar Parts of America Inc.
MPAC,MOD-PAC Corp.
MPB,Mid Penn Bancorp Inc.
MPET,Magellan Petroleum Corporation
MPC,Marathon Petroleum Corporation
MPO,"Midstates Petroleum Company
MPW,Medical Properties Trust Inc.
MPWR,Monolithic Power Systems Inc.
MPX,Marine Products Corp.
MRC,MRC Global Inc.
MRCY,"Mercury Systems
MRGE,Merge Healthcare Incorporated
MRH,Montpelier Re Holdings Ltd.
MRIN,Marin Software Incorporated
MRLN,Marlin Business Services Corp.
MRTN,Marten Transport Ltd.
MRK,Merck & Co. Inc.
MSCC,Microsemi Corporation
MRVL,Marvell Technology Group Ltd.
MSCI,MSCI Inc.
MSEX,Middlesex Water Co.
MSFG,Mainsource Financial Group
MSFT,Microsoft Corporation
MSG,The Madison Square Garden Company
MSL,Midsouth Bancorp Inc.
MSM,MSC Industrial Direct Co. Inc.
MSO,Martha Stewart Living Omnimedia Inc.
MSTR,MicroStrategy Inc.
MTD,Mettler-Toledo International Inc.
MTDR,Matador Resources Company
MTG,MGIC Investment Corp.
MTH,Meritage Homes Corporation
MTN,Vail Resorts Inc.
MTOR,"Meritor
MTRN,Materion Corporation
MTRX,Matrix Service Company
MTSC,MTS Systems Corporation
MTSI,"M/A-Com Technology Solutions Holdings
MTW,"The Manitowoc Company
MTX,Minerals Technologies Inc.
MTZ,"MasTec
MW,"The Men's Wearhouse
MWA,"Mueller Water Products
MWIV,"MWI Veterinary Supply
MWW,"Monster Worldwide
MXL,"MaxLinear
MXIM,"Maxim Integrated Products
MXWL,"Maxwell Technologies
MYE,Myers Industries Inc.
MYGN,Myriad Genetics Inc.
MYRG,"MYR Group
N,NetSuite Inc.
NANO,Nanometrics Incorporated
NASB,"NASB Financial
NATI,National Instruments Corporation
NATL,National Interstate Corporation
NATH,Nathan's Famous Inc.
NATR,Nature's Sunshine Products Inc.
NAV,Navistar International Corporation
NAVB,"Navidea Biopharmaceuticals
NAVG,Navigators Group Inc.
NBBC,NewBridge Bancorp
NBIX,Neurocrine Biosciences Inc.
NBTB,"NBT Bancorp
NC,Nacco Industries Inc.
NBTF,
NCBC,New Century Bancorp Inc.
NCI,Navigant Consulting Inc.
NBCB,First NBC Bank Holding Company
NCIT,"NCI
NCLH,Norwegian Cruise Line Holdings Ltd.
NCMI,"National CineMedia
NCQ,NovaCopper Inc.
NCR,NCR Corp.
NCT,Newcastle Investment Corp.
NCS,NCI Building Systems Inc.
NDAQ,"The Nasdaq OMX Group
NDSN,Nordson Corporation
NE,Noble Corp.
NECB,"Northeast Community Bancorp
NEE,"NextEra Energy
NEM,Newmont Mining Corporation
NEN,New England Realty Associates LP
NEO,Neogenomics Inc.
NEOG,Neogen Corp.
NEON,"Neonode
NES,"Nuverra Environmental Solutions
NEU,NewMarket Corporation
NEWN,New Energy Systems Group
NEWP,Newport Corp.
NEWS,"NewStar Financial
NEWT,Newtek Business Services Inc.
NFEC,NF Energy Saving Corp.
NFG,National Fuel Gas Company
NFLX,"Netflix
NFSB,Newport Bancorp Inc.
NFX,Newfield Exploration Co.
NGL,NGL Energy Partners LP
NGLS,Targa Resources Partners LP
NGS,Natural Gas Services Group Inc.
NGSX,"NeurogesX
NHC,National Healthcare Corp.
NGVC,"Natural Grocers by Vitamin Cottage
NHTB,New Hampshire Thrift Bancshares Inc.
NHI,National Health Investors Inc.
NICK,Nicholas Financial Inc.
NIHD,NII Holdings Inc.
NI,NiSource Inc.
NILE,Blue Nile Inc.
NJR,New Jersey Resources Corp.
NKA,Niska Gas Storage Partners LLC
NKE,"Nike
NKSH,National Bankshares Inc.
NKTR,Nektar Therapeutics
NL,NL Industries Inc.
NLP,NTS Realty Holdings LP
NLS,Nautilus Inc.
NLNK,NewLink Genetics Corporation
NLSN,Nielsen Holdings N.V.
NLST,Netlist Inc.
NLY,"Annaly Capital Management
NMRX,Numerex Corp.
NNBR,NN Inc.
NNI,"Nelnet
NNN,"National Retail Properties
NOBH,Nobility Homes Inc.
NOR,Noranda Aluminum Holding Corp.
NOC,Northrop Grumman Corporation
NOV,"National Oilwell Varco
NOVB,North Valley Bancorp
NOW,"ServiceNow
NP,"Neenah Paper
NPBC,National Penn Bancshares Inc.
NPK,National Presto Industries Inc.
NPO,"EnPro Industries
NPSP,"NPS Pharmaceuticals
NPTN,NeoPhotonics Corporation
NR,Newpark Resources Inc.
NRF,NorthStar Realty Finance Corp.
NRG,"NRG Energy
NRIM,Northrim Bancorp Inc.
NRP,Natural Resource Partners LP
NRTLQ,Nortel Networks Corporation
NS,NuStar Energy L.P.
NSC,Norfolk Southern Corporation
NSEC,National Security Group Inc.
NSH,"NuStar GP Holdings
NSFC,Northern States Financial Corporation
NSIT,Insight Enterprises Inc.
NSLP,New Source Energy Partners L.P.
NSM,Nationstar Mortgage Holdings Inc.
NSP,"Insperity
NSPH,"Nanosphere
NSR,"NeuStar
NSSC,"Napco Security Technologies
NSYS,Nortech Systems Inc.
NTAP,"NetApp
NTCT,"NetScout Systems
NTGR,Netgear Inc.
NTI,Northern Tier Energy LP
NTIC,Northern Technologies International Corp.
NTN,NTN Buzztime Inc.
NTRS,Northern Trust Corporation
NTS,"NTS
NTSC,National Technical Systems Inc.
NTWK,"NetSol Technologies
NU,Northeast Utilities
NUE,Nucor Corporation
NURO,NeuroMetrix Inc.
NUS,Nu Skin Enterprises Inc.
NUTR,Nutraceutical International Corporation
NVDA,NVIDIA Corporation
NVE,NVE Corp.
NVEC,NVE Corp.
NVR,"NVR
NWBI,"Northwest Bancshares
NWBO,"Northwest Biotherapeutics
NWE,Northwestern Corporation
NWFL,Norwood Financial Corp.
NWLI,National Western Life Insurance Company
NWPX,Northwest Pipe Co.
NWY,New York & Company Inc.
NX,Quanex Building Products Corporation
NXST,"Nexstar Broadcasting Group
NYCB,New York Community Bancorp Inc.
NYMT,New York Mortgage Trust Inc.
NYNY,Empire Resorts Inc.
O,Realty Income Corporation
OABC,"Omniamerican Bancorp
OAK,"Oaktree Capital Group
OAS,Oasis Petroleum Inc.
OB,"OneBeacon Insurance Group
OBAF,"OBA Financial Services
OBCI,Ocean Bio-Chem Inc.
OC,Owens Corning
OCC,Optical Cable Corp.
OCFC,OceanFirst Financial Corp.
OCLR,"Oclaro
OCLS,"Oculus Innovative Sciences
OCR,Omnicare Inc.
OCZ,"OCZ Technology Group
ODFL,Old Dominion Freight Line Inc.
ODP,"Office Depot
OESX,"Orion Energy Systems
OFED,Oconee Federal Financial Corp.
OFG,OFG Bancorp
OFIX,Orthofix International N.V.
OFLX,"OmegaFlex
ODC,Oil-Dri Corp. of America
ORB,Orbital Sciences Corp.
ORBC,"ORBCOMM
ORBT,Orbit International Corp.
ORCL,Oracle Corporation
OREX,"Orexigen Therapeutics
ORI,Old Republic International Corporation
ORLY,O'Reilly Automotive Inc.
ORN,"Orion Marine Group
ORRF,Orrstown Financial Services Inc.
ORMP,Oramed Pharmaceuticals Inc.
OSBC,Old Second Bancorp Inc.
OSIS,"OSI Systems
OSIR,"Osiris Therapeutics
OSK,Oshkosh Corporation
OSTK,Overstock.com Inc.
OSUR,"OraSure Technologies
OTEX,Open Text Corporation
OTTR,Otter Tail Corporation
OVAS,"OvaScience
OVBC,Ohio Valley Banc Corp.
OVLY,Oak Valley Bancorp
OVRL,Overland Storage Inc.
OVTI,"OmniVision Technologies
OWW,"Orbitz Worldwide
OXBT,"Oxygen Biotherapeutics
OXGN,"OXiGENE
OXF,"Oxford Resource Partners
OXM,Oxford Industries Inc.
OXY,Occidental Petroleum Corporation
OZM,Och-Ziff Capital Management Group LLC
PAA,"Plains All American Pipeline
PACB,"Pacific Biosciences of California
PACW,PacWest Bancorp
PAG,"Penske Automotive Group
PAMT,Parametric Sound Corporation
PANW,"Palo Alto Networks
PAR,PAR Technology Corporation
PARS,Pharmos Corp.
PATH,"NuPathe
PATR,"Patriot Transportation Holding
PATK,Patrick Industries Inc.
PAY,"VeriFone Systems
PAYX,"Paychex
PB,Prosperity Bancshares Inc.
PBCT,People's United Financial Inc.
PBF,PBF Energy Inc.
PBH,"Prestige Brands Holdings
PBHC,"Pathfinder Bancorp
PBIB,Porter Bancorp Inc.
PBI,Pitney Bowes Inc.
PBIO,"Pressure BioSciences
PBIP,"Prudential Bancorp
PBSK,"Poage Bankshares
PBY,
PBYI,"Puma Biotechnology
PCAR,PACCAR Inc.
PCBK,Pacific Continental Corp.
PCBS,"Provident Community Bancshares
PCCC,"PC Connection
PCG,
PCL,Plum Creek Timber Co. Inc.
PCLN,The Priceline Group Inc.
PCMI,"PCM
PCP,Precision Castparts Corp.
PCTI,"PCTEL
PCYG,Park City Group Inc.
PCYO,Pure Cycle Corporation
PDCE,"PDC Energy
PDCO,"Patterson Companies
PDEX,Pro-Dex Inc.
PDFS,PDF Solutions Inc.
PDLI,"PDL BioPharma
PDII,"PDI
PDO,Pyramid Oil Company
PDH,PetroLogistics LP
PEBK,"Peoples Bancorp of North Carolina
PEBO,Peoples Bancorp Inc.
PEB,Pebblebrook Hotel Trust
PEDH,"Peoples Educational Holdings
PEG,Public Service Enterprise Group Inc.
PEGA,Pegasystems Inc.
PEI,Pennsylvania Real Estate Investment Trust
PEIX,"Pacific Ethanol
PENN,Penn National Gaming Inc.
PENX,Penford Corporation
PEP,"Pepsico
PERF,"Perfumania Holdings
PERY,Perry Ellis International Inc.
PES,Pioneer Energy Services Corp.
PESI,Perma-Fix Environmental Services Inc.
PETM,"PetSmart
PETS,"PetMed Express
PEOP,"Peoples Federal Bancshares
PF,Pinnacle Foods Inc.
PFBI,Premier Financial Bancorp Inc.
PFBX,Peoples Financial Corporation
PFE,Pfizer Inc.
PFG,Principal Financial Group Inc.
PFIN,
PFIS,Peoples Financial Services Corp.
PFMT,Performant Financial Corporation
PFPT,"Proofpoint
PFS,"Provident Financial Services
PFSI,"PennyMac Financial Services
PFSW,PFSweb Inc.
PG,The Procter & Gamble Company
PGC,Peapack-Gladstone Financial Corp.
PGEM,"Ply Gem Holdings
PGI,"Premiere Global Services
PGNX,"Progenics Pharmaceuticals
PGTI,"PGT
PHH,PHH Corporation
PHIIK,PHI Inc.
PHMD,"PhotoMedex
PHX,Panhandle Oil and Gas Inc.
PICO,PICO Holdings Inc.
PIKE,Pike Corporation
PII,"Polaris Industries
PIR,"Pier 1 Imports
PJC,Piper Jaffray Companies
PKD,Parker Drilling Co.
PKE,Park Electrochemical Corp.
PKG,Packaging Corporation of America
PKOH,Park-Ohio Holdings Corp.
PKT,"Procera Networks
PL,Protective Life Corporation
PLAB,Photronics Inc.
PLCE,The Children
PLCM,"Polycom
PLMT,Palmetto Bancshares Inc.
PLPC,Preformed Line Products Company
PLOW,"Douglas Dynamics
PLXS,Plexus Corp.
PLT,"Plantronics
PLUS,ePlus inc.
PLXT,PLX Technology Inc.
PMC,PharMerica Corporation
PMCS,PMC-Sierra Inc.
PNBC,Princeton National Bancorp Inc.
PMFG,"PMFG
PNBK,Patriot National Bancorp Inc.
PNC,"The PNC Financial Services Group
PNFP,Pinnacle Financial Partners Inc.
PNK,Pinnacle Entertainment Inc.
PNM,"PNM Resources
PNRA,Panera Bread Company
PNRG,PrimeEnergy Corp.
PNW,Pinnacle West Capital Corporation
PNX,The Phoenix Companies Inc.
PNY,Piedmont Natural Gas Co. Inc.
PODD,Insulet Corporation
POL,PolyOne Corporation
POM,"Pepco Holdings
POOL,Pool Corp.
POPE,"Pope Resources
POST,"Post Holdings
POR,Portland General Electric Company
POWI,Power Integrations Inc.
POWL,"Powell Industries
POWR,"PowerSecure International
POZN,POZEN Inc.
PPBI,Pacific Premier Bancorp Inc.
PPC,Pilgrim's Pride Corporation
PPG,PPG Industries Inc.
PPHM,"Peregrine Pharmaceuticals
PPL,PPL Corporation
PPO,Polypore International Inc.
PPS,Post Properties Inc.
PQ,PetroQuest Energy Inc.
PRA,ProAssurance Corporation
PRAA,Portfolio Recovery Associates Inc.
PRCP,"Perceptron
PRE,PartnerRe Ltd.
PRFT,Perficient Inc.
PRGO,Perrigo Company Public Limited Company
PRGS,Progress Software Corporation
PRGX,"PRGX Global
PRI,"Primerica
PRIM,Primoris Services Corporation
PRK,Park National Corp.
PRKR,Parkervision Inc.
PRLS,Peerless Systems Corp.
PRMW,Primo Water Corporation
PRO,"PROS Holdings
PROV,"Provident Financial Holdings
PRPH,"ProPhase Labs
PRSC,Providence Service Corp.
PRLB,"Proto Labs
PRTA,Prothena Corporation plc
PRTS,"U.S. Auto Parts Network
PRU,"Prudential Financial
PRXI,Premier Exhibitions Inc.
PRSS,CafePress Inc.
PSA,Public Storage
PSB,PS Business Parks Inc.
PSBH,PSB Holdings Inc.
PSDV,pSivida Corp.
PSEM,Pericom Semiconductor Corp.
PSIX,"Power Solutions International
PSMI,Peregrine Semiconductor Corporation
PSMT,PriceSmart Inc.
PRXL,PAREXEL International Corporation
PSTB,Park Sterling Corporation
PSTI,"Pluristem Therapeutics
PSTR,PostRock Energy Corporation
PSUN,Pacific Sunwear of California Inc.
PSX,Phillips 66
PTEK,"PokerTek
PTGI,"PTGi Holding
PTIE,Pain Therapeutics Inc.
PTEN,Patterson-UTI Energy Inc.
PTIX,Performance Technologies Inc.
PTLA,"Portola Pharmaceuticals
PTNT,Internet Patents Corporation
PTP,Platinum Underwriters Holdings Ltd.
PTRY,"The Pantry
PTSI,"P.A.M. Transportation Services
PULB,Pulaski Financial Corporation
PULS,Pulse Electronics Corporation
PTX,"Pernix Therapeutics Holdings
PVA,Penn Virginia Corporation
PVFC,PVF Capital Corp.
PVH,PVH Corp.
PW,Power REIT
PWOD,Penns Woods Bancorp Inc.
PX,Praxair Inc.
PVTB,"PrivateBancorp
PXLW,"Pixelworks
PXD,Pioneer Natural Resources Co.
PWX,Providence and Worcester Railroad Company
PZG,Paramount Gold and Silver Corp.
PZZI,"Pizza Inn Holdings
Q,Quintiles Transnational Holdings Inc.
QADA,QAD Inc.
QADB,QAD Inc.
QCCO,"QC Holdings
QBAK,Qualstar Corp.
QCOM,QUALCOMM Incorporated
QCOR,"Questcor Pharmaceuticals
QDEL,Quidel Corp.
QCRH,QCR Holdings Inc.
QKLS,QKL Stores Inc.
QLGC,QLogic Corp.
QLIK,"Qlik Technologies
QLTI,QLT Inc.
QLTY,Quality Distribution Inc.
QLYS,"Qualys
QNST,"QuinStreet
QRE,"QR Energy
QSII,Quality Systems Inc.
QTM,Quantum Corporation
QTWW,Quantum Fuel Systems Technologies Worldwide Inc.
QUAD,"Quad/Graphics
QUIK,QuickLogic Corporation
R,"Ryder System
RAD,Rite Aid Corporation
RAI,Reynolds American Inc.
RALY,Rally Software Development Corp.
RAS,RAIT Financial Trust
RATE,"Bankrate
RAVN,Raven Industries Inc.
RAX,"Rackspace Hosting
RBCAA,Republic Bancorp Inc.
RBCN,"Rubicon Technology
RBPAA,Royal Bancshares of Pennsylvania Inc.
RCII,"Rent-A-Center
RCKB,Rockville Financial Inc.
RCKY,"Rocky Brands
RCL,Royal Caribbean Cruises Ltd.
RCON,"Recon Technology
RCPT,"Receptos
RDC,Rowan Companies plc
RDI,"Reading International
RDEN,"Elizabeth Arden
RDIB,"Reading International
RDNT,"RadNet
RE,Everest Re Group Ltd.
RECN,Resources Connection Inc.
REED,"REEDS
REFR,Research Frontiers Inc.
REG,Regency Centers Corporation
REGN,"Regeneron Pharmaceuticals
REIS,"Reis
RELL,Richardson Electronics Ltd.
RELV,"Reliv International
REMY,"Remy International
REN,Resolute Energy Corporation
RENT,Rentrak Corporation
RES,RPC Inc.
RESI,Altisource Residential Corporation
REX,REX American Resources Corporation
REXI,"Resource America
REXX,Rex Energy Corporation
RF,Regions Financial Corporation
RFIL,"RF Industries
RFMD,RF Micro Devices Inc.
RFP,Resolute Forest Products Inc.
RGA,Reinsurance Group of America Inc.
RGC,Regal Entertainment Group
RGCO,"RGC Resources
RGDX,"Response Genetics
RGEN,Repligen Corporation
RGLS,Regulus Therapeutics Inc.
RGLD,"Royal Gold
RGP,Regency Energy Partners LP
RGR,"Sturm
RGS,Regis Corp.
RH,"Restoration Hardware Holdings
RHI,Robert Half International Inc.
RHT,"Red Hat
RICK,Rick's Cabaret International Inc.
RIGL,"Rigel Pharmaceuticals
RIMG,Rimage Corporation
RIVR,River Valley Bancorp
RJF,"Raymond James Financial
RKT,Rock-Tenn Company
RKUS,"Ruckus Wireless
RL,Ralph Lauren Corporation
RLD,RealD Inc.
RLGT,"Radiant Logistics
RLGY,Realogy Holdings Corp.
RLH,Red Lion Hotels Corporation
RLI,RLI Corp.
RLJE,"RLJ Entertainment
RLOG,"Rand Logistics
RM,Regional Management Corp.
RMBS,Rambus Inc.
RMCF,Rocky Mountain Chocolate Factory Inc.
RMD,ResMed Inc.
RMKR,Rainmaker Systems Inc.
RNDY,"Roundy's
RNF,"Rentech Nitrogen Partners
RNIN,Wireless Ronin Technologies Inc.
RNN,"Rexahn Pharmaceuticals
RNO,Rhino Resource Partners LP
RNR,RenaissanceRe Holdings Ltd.
RNST,Renasant Corp.
RNWK,RealNetworks Inc.
ROC,"Rockwood Holdings
ROCM,Rochester Medical Corporation
ROG,Rogers Corporation
ROIA,Radio One Inc.
ROIAK,Radio One Inc.
ROIC,Retail Opportunity Investments Corp.
ROK,Rockwell Automation Inc.
ROL,Rollins Inc.
ROLL,RBC Bearings Inc.
ROMA,Roma Financial Corp.
ROP,Roper Industries Inc.
ROSE,"Rosetta Resources
ROST,Ross Stores Inc.
ROVI,Rovi Corporation
ROX,Castle Brands Inc.
RP,"RealPage
RPAI,"Retail Properties of America
RPM,RPM International Inc.
RPRX,Repros Therapeutics Inc.
RPT,Ramco-Gershenson Properties Trust
RPTP,Raptor Pharmaceuticals Corp.
RPXC,RPX Corporation
RRD,R.R. Donnelley & Sons Company
RRC,Range Resources Corporation
RRGB,Red Robin Gourmet Burgers Inc.
RRTS,"Roadrunner Transportation Systems
RSE,"Rouse Properties
RSG,"Republic Services
RSH,RadioShack Corp.
RSOL,"Real Goods Solar
RSYS,RadiSys Corporation
RTI,"RTI International Metals
RTIX,RTI Surgical Inc.
RTK,"Rentech
RTN,Raytheon Co.
RUE,"rue21
RUSHA,"Rush Enterprises
RUSHB,"Rush Enterprises
RVLT,"Revolution Lighting Technologies
RVP,"Retractable Technologies
RVM,"Revett Mining Company
RVSB,Riverview Bancorp Inc.
RVBD,"Riverbed Technology
RXN,Rexnord Corporation
RYL,Ryland Group Inc.
RYN,Rayonier Inc.
SAAS,"inContact
SAH,Sonic Automotive Inc.
SAFM,"Sanderson Farms
SAL,Salisbury Bancorp Inc.
SAM,Boston Beer Co. Inc.
SANM,Sanmina Corporation
SANW,
RJET,Republic Airways Holdings Inc.
SAPE,Sapient Corp.
SASR,Sandy Spring Bancorp Inc.
SALM,Salem Communications Corp.
SATS,EchoStar Corp.
SAVE,"Spirit Airlines
SBAC,SBA Communications Corp.
SBCF,Seacoast Banking Corp. of Florida
SBGI,Sinclair Broadcast Group Inc.
SBH,Sally Beauty Holdings Inc.
SBSA,Spanish Broadcasting System Inc.
SBSI,Southside Bancshares Inc.
SBUX,Starbucks Corporation
SCCO,Southern Copper Corp.
SCEI,Sino Clean Energy Inc
SCG,SCANA Corp.
SCHL,Scholastic Corporation
SCHW,The Charles Schwab Corporation
RSTI,Rofin-Sinar Technologies Inc.
SCI,Service Corporation International
SCHN,"Schnitzer Steel Industries
SCIL,Scientific Learning Corp.
SCKT,"Socket Mobile
SCL,Stepan Company
SCLN,"SciClone Pharmaceuticals
SCMR,"Sycamore Networks
SCON,Superconductor Technologies Inc.
SCOR,"comScore
SCS,Steelcase Inc.
SCSC,"ScanSource
SCSS,Select Comfort Corporation
SCTY,SolarCity Corporation
SCU,Scana Corporation SCANA CORPORA
SCX,The L.S. Starrett Company
SD,"SandRidge Energy
SCVL,Shoe Carnival Inc.
SE,Spectra Energy Corp.
SEAC,SeaChange International Inc.
SBBX,Sussex Bancorp
SEB,Seaboard Corp.
SEAS,"SeaWorld Entertainment
SEE,Sealed Air Corporation
SEIC,SEI Investments Co.
SEM,Select Medical Holdings Corporation
SEMG,SemGroup Corporation
SENEA,Seneca Foods Corp.
SENEB,Seneca Foods Corp.
SEV,"Sevcon
SF,Stifel Financial Corp.
SFE,"Safeguard Scientifics
SFG,StanCorp Financial Group Inc.
SFLY,"Shutterfly
SFNC,Simmons First National Corporation
SGA,Saga Communications Inc.
SGB,Southwest Georgia Financial Corp.
SGC,Superior Uniform Group Inc.
SGI,Silicon Graphics International Corp.
SGEN,Seattle Genetics Inc.
SGMA,SigmaTron International Inc.
SGMO,Sangamo Biosciences Inc.
SGNT,"Sagent Pharmaceuticals
SGMS,Scientific Games Corporation
SGY,Stone Energy Corp.
SGYP,"Synergy Pharmaceuticals
SHLD,Sears Holdings Corporation
SHEN,Shenandoah Telecommunications Co.
SHLM,"A. Schulman
SHLO,Shiloh Industries Inc.
SHOO,"Steven Madden
SHOR,"ShoreTel
SIG,Signet Jewelers Limited
SHOS,"Sears Hometown and Outlet Stores
SIGA,"SIGA Technologies
SIGM,"Sigma Designs
SIMG,"Silicon Image
SIRO,Sirona Dental Systems Inc.
SIVB,SVB Financial Group
SIX,Six Flags Entertainment Corporation
SJI,"South Jersey Industries
SJW,SJW Corp.
SKH,"Skilled Healthcare Group
SKT,Tanger Factory Outlet Centers Inc.
SKUL,"Skullcandy
SKX,Skechers USA Inc.
SKY,Skyline Corp.
SKYW,SkyWest Inc.
SLAB,Silicon Laboratories Inc.
SLB,Schlumberger Limited
SLCA,"U.S. Silica Holdings
SLG,SL Green Realty Corp.
SLGN,Silgan Holdings Inc.
SLH,Solera Holdings Inc.
SLI,SL Industries Inc.
SLM,SLM Corporation
SLMAP,SLM Corporation
SLP,"Simulations Plus
SLTC,"Selectica
SLTM,"Solta Medical
SLXP,Salix Pharmaceuticals Ltd.
SM,SM Energy Company
SMA,"Symmetry Medical
SMED,Sharps Compliance Corp.
SMCI,"Super Micro Computer
SMG,The Scotts Miracle-Gro Company
SMIT,"Schmitt Industries
SMLP,"Summit Midstream Partners
SMMF,Summit Financial Group Inc.
SMP,Standard Motor Products Inc.
SMPL,"Simplicity Bancorp
SMRT,Stein Mart Inc.
SMSI,Smith Micro Software Inc.
SMTC,Semtech Corporation
SMTX,SMTC Corporation
SN,Sanchez Energy Corporation
SNA,Snap-on Inc.
SNAK,"Inventure Foods
SNBC,Sun Bancorp Inc.
SNCR,"Synchronoss Technologies
SNDK,SanDisk Corp.
SNFCA,Security National Financial Corp.
SNH,Senior Housing Properties Trust
SNI,"Scripps Networks Interactive
SNMX,Senomyx Inc.
SNPS,Synopsys Inc.
SNTA,Synta Pharmaceuticals Corp.
SNTS,"Santarus
SNSS,"Sunesis Pharmaceuticals
SNV,Synovus Financial Corporation
SNX,SYNNEX Corp.
SO,Southern Company
SOCB,Southcoast Financial Corp.
SOFO,"Sonic Foundry
SOHU,Sohu.com Inc.
SON,Sonoco Products Co.
SONA,Southern National Bancorp of Virginia Inc.
SONC,Sonic Corp.
SONS,"Sonus Networks
SONT,"Seen On Screen TV
SORL,"SORL Auto Parts
SPA,Sparton Corp.
SPAN,Span-America Medical Systems Inc.
SPAR,Spartan Motors Inc.
SPB,"Spectrum Brands Holdings
SPBC,"SP Bancorp
SPCHA,Sport Chalet Inc.
SPCHB,Sport Chalet Inc.
SPEX,Spherix Incorporated
SPF,Standard Pacific Corp.
SPG,Simon Property Group Inc.
SPH,"Suburban Propane Partners
SPLK,"Splunk
SPIR,Spire Corp.
SPLP,Steel Partners Holdings L.P
SPLS,"Staples
SPN,"Superior Energy Services
SPNC,The Spectranetics Corporation
SPPI,"Spectrum Pharmaceuticals
SPR,"Spirit AeroSystems Holdings
SPRO,SmartPros Ltd.
SPRT,"Support.com
SPSC,"SPS Commerce
SPU,"SkyPeople Fruit Juice
SPTN,Spartan Stores Inc.
SPW,SPX Corporation
SPWR,SunPower Corporation
SQI,"SciQuest
SQNM,Sequenom Inc.
SR,The Standard Register Company
SRCE,1st Source Corporation
SRDX,"SurModics
SRCL,"Stericycle
SREV,"ServiceSource International
SRE,Sempra Energy
SRI,Stoneridge Inc.
SRPT,"Sarepta Therapeutics
SRT,"StarTek
SSD,"Simpson Manufacturing Co.
SSI,Stage Stores Inc.
SSFN,Stewardship Financial Corp.
SSN,Samson Oil & Gas Limited
SSNC,
SSNI,"Silver Spring Networks
SSP,The E. W. Scripps Company
SSS,Sovran Self Storage Inc.
SSTK,"Shutterstock
SSY,SunLink Health Systems Inc.
ST,Sensata Technologies Holding NV
STAA,STAAR Surgical Company
STAG,"STAG Industrial
STBA,
STBZ,State Bank Financial Corporation
STC,Stewart Information Services Corporation
STE,Steris Corp.
STEC,"STEC
STEI,Stewart Enterprises Inc.
STEL,StellarOne Corporation
STEM,StemCells Inc.
STFC,State Auto Financial Corp.
STI,"SunTrust Banks
STJ,St. Jude Medical Inc.
STL,Sterling Bancorp.
SNHY,Sun Hydraulics Corp.
STLD,Steel Dynamics Inc.
STLY,Stanley Furniture Co. Inc.
STML,"Stemline Therapeutics
STND,Standard Financial Corp.
STMP,Stamps.com Inc.
STNR,Steiner Leisure Ltd.
STR,Questar Corporation
STON,Stonemor Partners LP
STRA,Strayer Education Inc.
STRI,"STR Holdings
STRL,Sterling Construction Co. Inc.
STRM,"Streamline Health Solutions
STRN,Sutron Corporation
STRS,Stratus Properties Inc.
STRT,STRATTEC Security Corporation
STRZA,Starz
STSA,Sterling Financial Corporation
STS,Supreme Industries Inc.
STRZB,Starz
STSI,"Star Scientific
STX,Seagate Technology Public Limited Company
STXS,Stereotaxis Inc.
STZ,Constellation Brands Inc.
SUBK,Suffolk Bancorp
SUI,Sun Communities Inc.
SUMR,"Summer Infant
SUNE,"SunEdison
SUP,"Superior Industries International
SUPX,Supertex Inc.
SURG,"Synergetics USA
SUPN,"Supernus Pharmaceuticals
SUSP,Susser Petroleum Partners LP
SUSQ,"Susquehanna Bancshares
SUTR,Sutor Technology Group Limited
SVBL,"Silver Bull Resources
SVBI,Severn Bancorp Inc.
SVT,Servotronics Inc.
SVU,SUPERVALU Inc.
SWC,Stillwater Mining Co.
SWFT,Swift Transportation Company
SWHC,Smith & Wesson Holding Corporation
SWI,"SolarWinds
SWK,"Stanley Black & Decker
SWKS,Skyworks Solutions Inc.
SWM,Schweitzer-Mauduit International Inc.
SWN,Southwestern Energy Co.
SWS,"SWS Group
SWX,Southwest Gas Corporation
SWY,Safeway Inc.
SXC,SunCoke Energy Inc.
SXE,"Southcross Energy Partners
SXI,Standex International Corporation
SXL,Sunoco Logistics Partners L.P.
SXT,Sensient Technologies Corporation
SYA,Symetra Financial Corporation
SYBT,"Stock Yards Bancorp
SYK,Stryker Corporation
SYKE,"Sykes Enterprises
SYMC,Symantec Corporation
SYMM,Symmetricom Inc.
SYMX,"Synthesis Energy Systems
SYN,Synthetic Biologics Inc.
SYNA,Synaptics Inc.
SYNC,"Synacor
SYNM,Syntroleum Corp.
SYPR,Sypris Solutions Inc.
SYRG,Synergy Resources Corporation
SYUT,Synutra International Inc.
SYY,Sysco Corporation
SZYM,"Solazyme
T,
TA,TravelCenters of America LLC
TACT,TransAct Technologies Incorporated
TAIT,Taitron Components Inc.
TAL,"TAL International Group
TAP,Molson Coors Brewing Company
TASR,TASER International Inc.
TAST,"Carrols Restaurant Group
TAT,TransAtlantic Petroleum Ltd.
TAX,"JTH Holding
TAYC,Taylor Capital Group Inc.
TAYCP,"Taylor Capital Group
TAYD,Taylor Devices Inc.
TBAC,"Tandy Brands Accessories
TBI,"TrueBlue
TBNK,Territorial Bancorp Inc.
TBOW,"Trunkbow International Holdings
TBIO,Transgenomic Inc.
TC,Thompson Creek Metals Company Inc.
TCB,TCF Financial Corporation
TCBI,Texas Capital BancShares Inc.
TCBK,TriCo Bancshares
TCCO,Technical Communications Corporation
TCI,Transcontinental Realty Investors Inc.
TCO,"Taubman Centers
TCP,"TC PipeLines
TDC,Teradata Corporation
TDW,Tidewater Inc.
TDG,TransDigm Group Incorporated
TDY,Teledyne Technologies Inc.
TE,"TECO Energy
TECD,Tech Data Corp.
TECH,Techne Corp.
TEAR,TearLab Corporation
TECUA,Tecumseh Products Company
TECUB,Tecumseh Products Company
TEG,"Integrys Energy Group
TEL,TE Connectivity Ltd.
TELK,Telik Inc.
TER,Teradyne Inc.
TEN,Tenneco Inc.
TESS,TESSCO Technologies Inc.
TESO,Tesco Corporation
TEX,Terex Corp.
TFCO,Tufco Technologies Inc.
TFM,"The Fresh Market
TFSL,TFS Financial Corp
TGC,Tengasco Inc.
TFX,Teleflex Incorporated
TG,Tredegar Corp.
TGE,TGC Industries Inc.
TGI,"Triumph Group
TGT,Target Corp.
THC,Tenet Healthcare Corp.
THFF,First Financial Corp.
THG,The Hanover Insurance Group Inc.
THLD,Threshold Pharmaceuticals Inc.
THO,Thor Industries Inc.
THI,Tim Hortons Inc.
THOR,Thoratec Corp.
THR,"Thermon Group Holdings
THRD,TF Financial Corporation
THRM,Gentherm Incorporated
THRX,Theravance Inc.
THS,"Treehouse Foods
THTI,"THT Heat Transfer Technology
TIBX,TIBCO Software Inc.
TIF,Tiffany & Co.
TIGR,TigerLogic Corporation
TIK,Tel-Instrument Electronics Corp.
TIS,Orchids Paper Products Company
TISI,"Team
TITN,"Titan Machinery
TIVO,TiVo Inc.
TJX,"The TJX Companies
TKOI,"Telkonet
TKR,Timken Co.
TLAB,Tellabs Inc.
TLF,"Tandy Leather Factory
TLLP,Tesoro Logistics LP
TLR,Timberline Resources Corporation
TLYS,"Tilly's
TMH,"Team Health Holdings
TMHC,Taylor Morrison Home Corporation
TAM,Taminco Corporation
TMNG,"The Management Network Group
TMO,"Thermo Fisher Scientific
TMP,Tompkins Financial Corporation
TNAV,"Telenav
TNC,Tennant Company
TNGN,"Tengion
TNGO,"Tangoe
TNH,"Terra Nitrogen Company
TOF,Tofutti Brands Inc.
TOFC,Tower Financial Corporation
TOL,Toll Brothers Inc.
TORM,TOR Minerals International Inc.
TOWR,"Tower International
TPC,Tutor Perini Corporation
TPH,"TRI Pointe Homes
TPL,Texas Pacific Land Trust
TPLM,Triangle Petroleum Corporation
TPX,Tempur Sealy International Inc.
TQNT,"TriQuint Semiconductor
TR,Tootsie Roll Industries Inc.
TRAK,"Dealertrack Technologies
TREE,"Tree.Com
TREX,Trex Co. Inc.
TRC,Tejon Ranch Co.
TRGT,"Targacept
TRIP,TripAdvisor Inc.
TRIT,"Tri-Tech Holding
TRLA,"Trulia
TRLG,"True Religion Apparel
TRMB,Trimble Navigation Limited
TRMK,Trustmark Corporation
TRNO,Terreno Realty Corp.
TRNS,Transcat Inc.
TROV,"TrovaGene
TRNX,Tornier N.V.
TROVU,"TrovaGene
TROW,"T. Rowe Price Group
TRR,TRC Companies Inc.
TRST,TrustCo Bank Corp. NY
TRT,Trio-Tech International
TRV,"The Travelers Companies
TRXI,"TRX
TRW,TRW Automotive Holdings Corp.
TSBK,"Timberland Bancorp
TSC,"Tristate Capital Holdings
TSCO,Tractor Supply Company
TSH,Teche Holding Company
TSO,Tesoro Corporation
TSLA,"Tesla Motors
TSPT,"Transcept Pharmaceuticals
TSRA,Tessera Technologies Inc.
TSN,"Tyson Foods
TSRO,"Tesaro
TSYS,TeleCommunication Systems Inc.
TTC,Toro Co.
TTEC,TeleTech Holdings Inc.
TTEK,Tetra Tech Inc.
TTGT,"TechTarget
TTI,"TETRA Technologies
TTMI,TTM Technologies Inc.
TTPH,"Tetraphase Pharmaceuticals
TTWO,Take-Two Interactive Software Inc.
TUES,Tuesday Morning Corporation
TUMI,"Tumi Holdings
TUP,Tupperware Brands Corporation
TW,Towers Watson & Co.
TWC,Time Warner Cable Inc.
TWER,Towerstream Corporation
TWIN,"Twin Disc
TWMC,Trans World Entertainment Corporation
TWI,Titan International Inc.
TWO,Two Harbors Investment Corp.
TWTC,TW Telecom Inc.
TWX,Time Warner Inc.
TXI,Texas Industries Inc.
TXN,Texas Instruments Inc.
TXRH,"Texas Roadhouse
TXT,Textron Inc.
TYC,Tyco International Ltd.
TYL,"Tyler Technologies
TYPE,Monotype Imaging Holdings Inc.
TZOO,Travelzoo Inc.
UACL,Universal Truckload Services Inc.
UAHC,United American Healthcare Corp.
UA,"Under Armour
UAL,"United Continental Holdings
UAM,Universal American Corp
UAMY,United States Antimony Corp.
UAN,"CVR Partners
UBA,Urstadt Biddle Properties Inc.
UBCP,United Bancorp Inc.
UBFO,United Security Bancshares
UBNK,"United Financial Bancorp
UBNT,"Ubiquiti Networks
UBOH,United Bancshares Inc.
UBP,Urstadt Biddle Properties Inc.
UBSH,Union Bankshares Corporation
UBSI,United Bankshares Inc.
UCFC,United Community Financial Corp.
UCI,UBS E-TRACS CMCI TR ETN
UCTT,Ultra Clean Holdings Inc.
UDR,"UDR
UEC,Uranium Energy Corp.
UEIC,Universal Electronics Inc.
UEPS,Net 1 Ueps Technologies Inc.
UFCS,"United Fire Group
UFI,Unifi Inc.
UFPI,Universal Forest Products Inc.
UFPT,"UFP Technologies
UFS,Domtar Corporation
UG,United-Guardian Inc.
UHAL,AMERCO
UGI,UGI Corporation
UHT,Universal Health Realty Income Trust
UIHC,United Insurance Holdings Corp.
UIL,UIL Holdings Corporation
UIS,Unisys Corporation
UHS,Universal Health Services Inc.
ULBI,Ultralife Corp.
ULGX,"Urologix
ULTA,"ULTA Salon
ULTI,"The Ultimate Software Group
UMPQ,Umpqua Holdings Corporation
UNAM,Unico American Corp.
UNB,"Union Bankshares
UNF,UniFirst Corp.
UNFI,"United Natural Foods
UNH,UnitedHealth Group Incorporated
UNIS,Unilife Corporation
UNM,Unum Group
UNP,Union Pacific Corporation
UNS,UNS Energy Corporation
UNTD,"United Online
UNTK,"UniTek Global Services
UNTY,Unity Bancorp Inc.
UPI,"Uroplasty
UPIP,"Unwired Planet
UPL,Ultra Petroleum Corp.
UPS,"United Parcel Service
UQM,UQM Technologies Inc.
URBN,Urban Outfitters Inc.
URG,UR-Energy Inc.
URI,"United Rentals
URRE,"Uranium Resources
URS,URS Corporation
URZ,Uranerz Energy Corp.
USAK,USA Truck Inc.
USAP,Universal Stainless & Alloy Products Inc.
USAT,USA Technologies Inc.
USATP,"USA Technologies
USB,U.S. Bancorp
USBI,United Security Bancshares Inc.
USEG,US Energy Corp.
USG,USG Corporation
USLM,"United States Lime & Minerals
USMD,"USMD Holdings
USMO,"USA Mobility
USNA,USANA Health Sciences Inc.
USTR,United Stationers Inc.
USU,USEC Inc.
UTEK,"Ultratech
UTI,"Universal Technical Institute
UTHR,United Therapeutics Corporation
UTIW,UTi Worldwide Inc.
UTL,Unitil Corp.
UTX,United Technologies Corp.
UUU,Universal Security Instruments Inc.
UVSP,Univest Corporation of Pennsylvania
UVV,Universal Corporation
UWN,Nevada Gold & Casinos Inc.
V,Visa Inc.
VAC,Marriott Vacations Worldwide Corp.
VAL,The Valspar Corporation
VALU,"Value Line
VALV,"Shengkai Innovations
VAR,"Varian Medical Systems
VASC,Vascular Solutions Inc.
VASO,Vasomedical Inc.
VBFC,Village Bank & Trust Financial Corp.
VC,Visteon Corporation
VCBI,Virginia Commerce Bancorp Inc.
VCLK,"Conversant
VCRA,"Vocera Communications
VDSI,VASCO Data Security International Inc.
VECO,Veeco Instruments Inc.
VG,Vonage Holdings Corporation
VGZ,Vista Gold Corp.
VHC,VirnetX Holding Corp
VHI,"Valhi
VIA,"Viacom
VIAB,"Viacom
VIAS,"Viasystems Group
VICL,Vical Incorporated
VICR,Vicor Corp.
VIDE,Video Display Corporation
VIFL,Food Technology Service Inc.
VII,Vicon Industries Inc.
VIRC,Virco Mfg. Corporation
VIVO,"Meridian Bioscience
VLGEA,Village Super Market Inc.
VITC,"Vitacost.com
VLO,Valero Energy Corporation
VLTR,Volterra Semiconductor Corporation
VLY,Valley National Bancorp
VMC,Vulcan Materials Company
VMI,"Valmont Industries
VNDA,"Vanda Pharmaceuticals
VNO,Vornado Realty Trust
VNTV,"Vantiv
VOCS,Vocus Inc.
VOLC,Volcano Corporation
VOXX,VOXX International Corporation
VOYA,"Voya Financial
VPG,"Vishay Precision Group
VPHM,ViroPharma Inc.
VPRT,Vistaprint N.V.
VRA,"Vera Bradley
VRML,"Vermillion
VRNM,Verenium Corporation
VRNT,Verint Systems Inc.
VRS,Verso Paper Corp.
VRSK,"Verisk Analytics
VRSN,"VeriSign
VRTA,"Vestin Realty Mortgage I
VRTB,"Vestin Realty Mortgage II
VRTS,"Virtus Investment Partners
VRTU,Virtusa Corp.
VRTX,Vertex Pharmaceuticals Incorporated
VSAT,ViaSat Inc.
VSBN,"VSB Bancorp
VSCI,Vision-Sciences Inc.
VSEC,VSE Corp.
VSH,Vishay Intertechnology Inc.
VSR,Versar Inc.
VSTM,"Verastem
VTNC,Vitran Corp Inc.
VTNR,"Vertex Energy
VTR,"Ventas
VTSS,Vitesse Semiconductor Corp.
VTUS,Ventrus Biosciences Inc.
VVUS,VIVUS Inc.
VVTV,ValueVision Media Inc.
VVC,Vectren Corporation
VYFC,Valley Financial Corporation
VZ,Verizon Communications Inc.
WAB,Westinghouse Air Brake Technologies Corporation
WABC,Westamerica Bancorp.
WAFD,Washington Federal Inc.
WAG,Walgreen Co.
WAGE,"WageWorks
WAIR,"Wesco Aircraft Holdings
WAL,Western Alliance Bancorporation
WAT,Waters Corporation
WAVE,NEXTWAVE WIRLESS
WAVX,Wave Systems Corp.
WAYN,Wayne Savings Bancshares Inc.
WBCO,Washington Banking Co.
WBMD,WebMD Health Corp.
WBS,Webster Financial Corp.
WCC,WESCO International Inc.
WCG,"WellCare Health Plans
WCN,Waste Connections Inc.
WCRX,Warner Chilcott plc
WD,"Walker & Dunlop
WDAY,"Workday
WDC,Western Digital Corporation
WDFC,WD-40 Company
WDR,"Waddell & Reed Financial
WEC,Wisconsin Energy Corp.
WEN,The Wendy's Company
WEST,"Andalay Solar
WEBK,"Wellesley Bancorp
WETF,"WisdomTree Investments
WFBI,WashingtonFirst Bankshares Inc.
WEYS,Weyco Group Inc.
WFD,Westfield Financial Inc.
WFM,"Whole Foods Market
WFC,Wells Fargo & Company
WFT,Weatherford International Ltd.
WG,Willbros Group Inc.
WGA,Wells-Gardner Electronics Corp.
WGL,WGL Holdings Inc.
WGO,"Winnebago Industries
WHG,Westwood Holdings Group Inc.
WHLR,"Wheeler Real Estate Investment Trust
WHR,Whirlpool Corp.
WIBC,Wilshire Bancorp Inc.
WIFI,"Boingo Wireless
WINA,Winmark Corp.
WIRE,Encore Wire Corp.
WLB,Westmoreland Coal Co.
WLBPZ,Westmoreland Coal Co.
WLDN,"Willdan Group
WLH,William Lyon Homes
WLFC,Willis Lease Finance Corp.
WLL,Whiting Petroleum Corp.
WLP,WellPoint Inc.
WLT,"Walter Energy
WM,"Waste Management
WMAR,West Marine Inc.
WLK,Westlake Chemical Corp.
WMB,"Williams Companies
WMGI,Wright Medical Group Inc.
WMK,"Weis Markets
WMT,Wal-Mart Stores Inc.
WOR,"Worthington Industries
WPCS,WPCS International Incorporated
WPX,"WPX Energy
WPZ,Williams Partners L.P.
WRD,Weingarten Realty Investors
WRE,Washington Real Estate Investment Trust
WRES,Warren Resources Inc.
WRI,Weingarten Realty Investors
WRLD,World Acceptance Corp.
WSBC,WesBanco Inc.
WSBF,"Waterstone Financial
WSCI,WSI Industries Inc.
WSM,Williams-Sonoma Inc.
WSFS,WSFS Financial Corp.
WSO,Watsco Inc.
WST,"West Pharmaceutical Services
WSTC,West Corporation
WSTL,"Westell Technologies
WTBA,"West Bancorp.
WSTG,"Wayside Technology Group
WTFC,Wintrust Financial Corporation
WTI,
WTM,"White Mountains Insurance Group
WTR,Aqua America Inc.
WTS,"Watts Water Technologies
WTSL,"The Wet Seal
WTT,Wireless Telecom Group Inc.
WU,The Western Union Company
WUHN,Wuhan General Group
WVFC,WVS Financial Corp.
WVVI,Willamette Valley Vineyards Inc.
WWAV,The WhiteWave Foods Company
WWD,"Woodward
WWE,World Wrestling Entertainment Inc.
WWW,Wolverine World Wide Inc.
WWWW,"Web.com Group
WY,Weyerhaeuser Co.
WYN,Wyndham Worldwide Corporation
WYNN,Wynn Resorts Ltd.
WYY,WidePoint Corp.
X,United States Steel Corp.
XBKS,"Xenith Bankshares
XEC,Cimarex Energy Co.
XEL,Xcel Energy Inc.
XL,XL Group plc
XLNX,Xilinx Inc.
XNPT,"Xenoport
XOM,Exxon Mobil Corporation
XOMA,XOMA Corporation
XONE,The ExOne Company
XOOM,Xoom Corporation
XOXO,XO Group Inc.
XPLR,Xplore Technologies Corp.
XPO,"XPO Logistics
XRAY,DENTSPLY International Inc.
XRM,Xerium Technologies Inc.
XRSC,XRS Corporation
XRX,Xerox Corporation
XWES,"World Energy Solutions
XXIA,Ixia
XYL,Xylem Inc.
Y,Alleghany Corporation
YDKN,Yadkin Financial Corporation
YELP,"Yelp
YHOO,Yahoo! Inc.
YOD,"YOU On Demand Holdings
YONG,"Yongye International
YUM,"Yum! Brands
Z,"Zillow
ZAGG,ZAGG Inc
ZAZA,ZaZa Energy Corporation
ZBB,ZBB Energy Corporation
ZBRA,Zebra Technologies Corp.
ZEP,"Zep
ZEUS,Olympic Steel Inc.
ZHNE,Zhone Technologies Inc.
ZIGO,Zygo Corporation
ZINC,Horsehead Holding Corp.
ZION,Zions Bancorporation
ZIPR,zipRealty Inc.
ZIOP,"ZIOPHARM Oncology
ZIXI,Zix Corporation
ZLC,Zale Corporation
ZLCS,Zalicus Inc.
ZLTQ,"ZELTIQ Aesthetics
ZMH,"Zimmer Holdings
ZN,"Zion Oil & Gas
ZNGA,"Zynga
ZOLT,Zoltek Companies Inc.
ZOOM,"ZOOM Technologies
ZQK,Quiksilver Inc.
ZUMZ,"Zumiez
